-- phpMyAdmin SQL Dump
-- version 5.1.1
-- https://www.phpmyadmin.net/
--
-- Máy chủ: 127.0.0.1
-- Thời gian đã tạo: Th10 03, 2022 lúc 08:46 AM
-- Phiên bản máy phục vụ: 10.4.22-MariaDB
-- Phiên bản PHP: 7.4.27

SET SQL_MODE = "NO_AUTO_VALUE_ON_ZERO";
START TRANSACTION;
SET time_zone = "+00:00";


/*!40101 SET @OLD_CHARACTER_SET_CLIENT=@@CHARACTER_SET_CLIENT */;
/*!40101 SET @OLD_CHARACTER_SET_RESULTS=@@CHARACTER_SET_RESULTS */;
/*!40101 SET @OLD_COLLATION_CONNECTION=@@COLLATION_CONNECTION */;
/*!40101 SET NAMES utf8mb4 */;

--
-- Cơ sở dữ liệu: `nlcn`
--

-- --------------------------------------------------------

--
-- Cấu trúc bảng cho bảng `binhluan`
--

CREATE TABLE `binhluan` (
  `ID` int(11) NOT NULL,
  `id_sanpham` int(11) NOT NULL,
  `id_nguoidung` bigint(20) UNSIGNED NOT NULL,
  `noidungbinhluan` varchar(500) DEFAULT NULL,
  `created_at` timestamp NULL DEFAULT NULL,
  `updated_at` timestamp NULL DEFAULT NULL,
  `deleted_at` timestamp NULL DEFAULT NULL
) ENGINE=InnoDB DEFAULT CHARSET=utf8mb4;

--
-- Đang đổ dữ liệu cho bảng `binhluan`
--

INSERT INTO `binhluan` (`ID`, `id_sanpham`, `id_nguoidung`, `noidungbinhluan`, `created_at`, `updated_at`, `deleted_at`) VALUES
(43, 116, 50, '\r\n                eererre', '2022-06-24 02:13:00', '2022-06-24 02:13:00', NULL),
(44, 116, 50, '\r\n                eererre', '2022-06-24 02:13:04', '2022-06-24 02:13:04', NULL),
(45, 116, 50, '\r\n                eererre', '2022-06-24 02:13:07', '2022-06-24 02:13:07', NULL),
(46, 116, 51, '\r\n                quan uqf\r\n', '2022-06-27 04:13:56', '2022-06-27 04:13:56', NULL),
(47, 119, 51, '\r\n                as', '2022-06-27 04:14:15', '2022-06-27 04:14:15', NULL),
(48, 119, 51, '\r\n                as', '2022-06-27 04:15:35', '2022-06-27 04:15:35', NULL),
(49, 119, 51, '\r\n                as', '2022-06-27 04:16:33', '2022-06-27 04:16:33', NULL),
(50, 129, 50, '\r\n                khá tốt', '2022-07-31 11:17:15', '2022-07-31 11:17:15', NULL),
(51, 129, 50, '\r\n                khá tốt', '2022-07-31 11:18:10', '2022-07-31 11:18:10', NULL),
(52, 129, 50, '\r\n                khá tốt', '2022-07-31 11:18:14', '2022-07-31 11:18:14', NULL),
(53, 129, 50, '\r\n                khá ', '2022-07-31 11:18:34', '2022-07-31 11:18:34', NULL);

-- --------------------------------------------------------

--
-- Cấu trúc bảng cho bảng `danhgia`
--

CREATE TABLE `danhgia` (
  `id_danhgia` int(11) NOT NULL,
  `id_nguoidung` bigint(20) NOT NULL,
  `id_sanpham` int(11) NOT NULL,
  `binhluan` varchar(255) NOT NULL,
  `sosao` int(11) NOT NULL,
  `created_at` timestamp NULL DEFAULT NULL,
  `deleted_at` timestamp NULL DEFAULT NULL,
  `updated_at` timestamp NULL DEFAULT NULL
) ENGINE=InnoDB DEFAULT CHARSET=utf8mb4;

--
-- Đang đổ dữ liệu cho bảng `danhgia`
--

INSERT INTO `danhgia` (`id_danhgia`, `id_nguoidung`, `id_sanpham`, `binhluan`, `sosao`, `created_at`, `deleted_at`, `updated_at`) VALUES
(1, 50, 117, 'tạm', 3, '2022-08-01 14:05:52', NULL, '2022-08-02 05:00:22'),
(2, 50, 134, 'helll', 5, '2022-08-01 14:20:22', NULL, '2022-08-01 14:20:22'),
(3, 50, 128, 'ôn', 4, '2022-08-01 14:23:21', NULL, '2022-08-04 06:51:55'),
(4, 50, 122, '', 4, '2022-08-01 14:24:12', NULL, '2022-08-01 14:24:12'),
(5, 50, 119, 'rrrr', 4, '2022-08-01 14:24:57', NULL, '2022-08-02 03:21:16'),
(6, 51, 131, '', 3, '2022-08-01 14:51:13', NULL, '2022-08-01 14:56:48'),
(9, 60, 122, 'Tốt', 5, '2022-08-04 07:06:01', NULL, '2022-08-04 07:06:01'),
(10, 50, 127, '', 4, '2022-08-09 10:48:19', NULL, '2022-09-11 08:37:18'),
(11, 50, 130, 'Sản phẩm rất tốt', 5, '2022-09-27 02:32:47', NULL, '2022-09-27 02:32:47');

-- --------------------------------------------------------

--
-- Cấu trúc bảng cho bảng `hoadonbanhang`
--

CREATE TABLE `hoadonbanhang` (
  `ID` int(11) NOT NULL,
  `id_sanpham` int(11) NOT NULL,
  `soluong` int(11) NOT NULL,
  `tenNH` varchar(255) DEFAULT NULL,
  `sdtNH` varchar(11) DEFAULT NULL,
  `diachiNH` varchar(255) DEFAULT NULL,
  `id_nguoidung` bigint(20) UNSIGNED NOT NULL,
  `id_cuahang` bigint(20) UNSIGNED DEFAULT NULL,
  `ngay` date NOT NULL,
  `id_trangthai` int(11) DEFAULT NULL,
  `created_at` timestamp NULL DEFAULT NULL,
  `updated_at` timestamp NULL DEFAULT NULL,
  `deleted_at` timestamp NULL DEFAULT NULL,
  `danhgia` int(11) DEFAULT 0
) ENGINE=InnoDB DEFAULT CHARSET=utf8mb4;

--
-- Đang đổ dữ liệu cho bảng `hoadonbanhang`
--

INSERT INTO `hoadonbanhang` (`ID`, `id_sanpham`, `soluong`, `tenNH`, `sdtNH`, `diachiNH`, `id_nguoidung`, `id_cuahang`, `ngay`, `id_trangthai`, `created_at`, `updated_at`, `deleted_at`, `danhgia`) VALUES
(237, 117, 2, NULL, NULL, NULL, 53, 51, '2022-06-20', 4, '2022-06-20 08:43:21', '2022-06-20 08:47:36', NULL, 0),
(238, 131, 1, NULL, NULL, NULL, 53, 52, '2022-06-20', 4, '2022-06-20 08:43:21', '2022-06-20 08:47:35', NULL, 0),
(239, 133, 1, NULL, NULL, NULL, 53, 52, '2022-06-20', 4, '2022-06-20 08:43:21', '2022-06-20 08:47:35', NULL, 0),
(240, 118, 10, NULL, NULL, NULL, 53, 51, '2022-06-20', 4, '2022-06-20 08:43:21', '2022-06-20 08:47:36', NULL, 0),
(241, 118, 4, NULL, NULL, NULL, 50, 51, '2022-06-20', 4, '2022-06-20 08:44:17', '2022-06-20 08:47:27', NULL, 0),
(242, 130, 1, NULL, NULL, NULL, 50, 52, '2022-06-20', 4, '2022-06-20 08:44:17', '2022-09-27 02:32:47', NULL, 1),
(243, 116, 1, NULL, NULL, NULL, 50, 51, '2022-06-20', 4, '2022-06-20 08:44:17', '2022-06-20 08:47:27', NULL, 0),
(244, 131, 1, NULL, NULL, NULL, 50, 52, '2022-06-20', 4, '2022-06-20 08:44:17', '2022-06-20 08:47:26', NULL, 0),
(245, 117, 1, NULL, NULL, NULL, 50, 51, '2022-06-20', 4, '2022-06-20 08:44:17', '2022-06-20 08:47:27', NULL, 0),
(246, 118, 1, NULL, NULL, NULL, 50, 51, '2022-06-20', 4, '2022-06-20 08:48:48', '2022-06-20 09:14:02', NULL, 0),
(247, 118, 1, NULL, NULL, NULL, 50, 51, '2022-06-20', 4, '2022-06-20 09:05:50', '2022-06-20 09:11:42', NULL, 0),
(248, 118, 1, NULL, NULL, NULL, 50, 51, '2022-06-20', 4, '2022-06-20 09:06:38', '2022-06-20 23:24:36', NULL, 0),
(249, 117, 1, NULL, NULL, NULL, 50, 51, '2022-06-20', 4, '2022-06-20 09:17:09', '2022-06-20 09:18:11', NULL, 0),
(250, 122, 1, NULL, NULL, NULL, 50, 51, '2022-06-21', 4, '2022-06-20 23:27:30', '2022-06-21 01:12:32', NULL, 0),
(251, 120, 1, NULL, NULL, NULL, 50, 51, '2022-06-21', 4, '2022-06-20 23:28:16', '2022-06-20 23:31:07', NULL, 0),
(252, 118, 2, NULL, NULL, NULL, 50, 51, '2022-06-21', 4, '2022-06-21 01:13:01', '2022-06-22 05:33:16', NULL, 0),
(253, 119, 5, NULL, NULL, NULL, 50, 51, '2022-06-21', 4, '2022-06-21 01:13:01', '2022-06-22 05:33:16', NULL, 0),
(254, 116, 1, NULL, NULL, NULL, 50, 51, '2022-06-21', 4, '2022-06-21 01:13:01', '2022-06-22 05:33:16', NULL, 0),
(255, 117, 1, NULL, NULL, NULL, 50, 51, '2022-06-21', 4, '2022-06-21 01:31:55', '2022-06-22 05:33:02', NULL, 0),
(256, 122, 1, NULL, NULL, NULL, 50, 51, '2022-06-21', 4, '2022-06-21 01:31:55', '2022-08-01 14:24:12', NULL, 1),
(257, 131, 10, NULL, NULL, NULL, 50, 52, '2022-06-21', 2, '2022-06-21 02:41:24', '2022-07-18 08:33:26', NULL, 0),
(258, 119, 11, NULL, NULL, NULL, 50, 51, '2022-06-21', 4, '2022-06-21 02:46:21', '2022-08-02 03:21:16', NULL, 1),
(259, 119, 10, NULL, NULL, NULL, 50, 51, '2022-06-21', 5, '2022-06-21 03:08:34', '2022-08-10 14:15:10', NULL, 1),
(260, 131, 1, NULL, NULL, NULL, 50, 52, '2022-06-21', 2, '2022-06-21 03:08:34', '2022-07-18 08:33:25', NULL, 0),
(261, 119, 10, NULL, NULL, NULL, 50, 51, '2022-06-21', 4, '2022-06-21 03:08:41', '2022-08-02 03:16:21', NULL, 1),
(262, 131, 1, NULL, NULL, NULL, 50, 52, '2022-06-21', 3, '2022-06-21 03:08:41', '2022-07-18 08:33:34', NULL, 0),
(263, 119, 10, NULL, NULL, NULL, 50, 51, '2022-06-21', 6, '2022-06-21 03:08:52', '2022-08-09 10:45:43', NULL, 1),
(264, 131, 1, NULL, NULL, NULL, 50, 52, '2022-06-21', 3, '2022-06-21 03:08:52', '2022-07-18 08:33:33', NULL, 0),
(265, 119, 10, NULL, NULL, NULL, 50, 51, '2022-06-21', 6, '2022-06-21 03:09:13', '2022-08-09 10:28:00', NULL, 1),
(266, 131, 10, NULL, NULL, NULL, 50, 52, '2022-06-21', 3, '2022-06-21 03:09:13', '2022-07-18 08:33:32', NULL, 0),
(267, 119, 5, NULL, NULL, NULL, 50, 51, '2022-06-22', 3, '2022-06-22 05:33:37', '2022-06-22 05:37:10', NULL, 0),
(268, 117, 3, NULL, NULL, NULL, 51, 51, '2022-06-24', 4, '2022-06-24 03:03:36', '2022-06-25 10:01:27', NULL, 0),
(269, 117, 3, NULL, NULL, NULL, 51, 51, '2022-06-24', 4, '2022-06-24 03:05:21', '2022-06-25 10:01:26', NULL, 0),
(270, 117, 2, NULL, NULL, NULL, 51, 51, '2022-06-24', 4, '2022-06-24 03:05:45', '2022-06-25 10:01:25', NULL, 0),
(271, 117, 2, NULL, NULL, NULL, 51, 51, '2022-06-24', 4, '2022-06-24 03:06:14', '2022-06-25 10:01:24', NULL, 0),
(272, 117, 1, NULL, NULL, NULL, 50, 51, '2022-06-24', 3, '2022-06-24 03:09:14', '2022-06-25 10:01:06', NULL, 0),
(273, 118, 1, NULL, NULL, NULL, 50, 51, '2022-06-24', 3, '2022-06-24 03:30:27', '2022-06-25 10:01:05', NULL, 0),
(274, 117, 1, NULL, NULL, NULL, 50, 51, '2022-06-24', 3, '2022-06-24 03:30:27', '2022-06-25 10:01:05', NULL, 0),
(275, 116, 1, NULL, NULL, NULL, 50, 51, '2022-06-25', 3, '2022-06-25 07:50:18', '2022-06-25 10:00:51', NULL, 0),
(276, 117, 90, 'tamle', '0357524761', 'lê bình', 50, 51, '2022-06-25', 6, '2022-07-21 07:50:18', '2022-08-09 10:27:59', NULL, 1),
(277, 117, 13, NULL, NULL, NULL, 50, 51, '2022-07-10', 1, '2022-07-10 01:53:44', '2022-07-10 01:53:44', NULL, 0),
(278, 116, 97, NULL, NULL, NULL, 50, 51, '2022-07-10', 1, '2022-07-10 02:00:48', '2022-07-10 02:00:48', NULL, 0),
(279, 121, 100, NULL, NULL, NULL, 50, 51, '2022-07-17', 1, '2022-07-17 00:50:10', '2022-07-17 00:50:10', NULL, 0),
(280, 128, 40, NULL, NULL, NULL, 50, 52, '2022-07-17', 4, '2022-07-17 00:51:36', '2022-08-01 14:23:21', NULL, 1),
(281, 134, 40, NULL, NULL, NULL, 50, 52, '2022-07-17', 5, '2022-07-17 00:53:35', '2022-08-08 12:32:39', NULL, 1),
(282, 131, 9, NULL, NULL, NULL, 51, 52, '2022-07-17', 4, '2022-07-17 06:28:36', '2022-08-01 14:50:35', NULL, 0),
(283, 118, 1, NULL, NULL, NULL, 51, 51, '2022-07-17', 1, '2022-07-17 06:28:36', '2022-07-17 06:28:36', NULL, 0),
(284, 137, 1, NULL, NULL, NULL, 51, 52, '2022-07-18', 4, '2022-07-18 02:11:00', '2022-08-01 14:50:31', NULL, 0),
(285, 131, 1, NULL, NULL, NULL, 51, 52, '2022-07-18', 4, '2022-07-18 07:55:29', '2022-08-01 14:50:30', NULL, 0),
(286, 131, 1, NULL, NULL, NULL, 51, 52, '2022-07-18', 4, '2022-07-18 07:56:21', '2022-08-01 14:51:13', NULL, 1),
(287, 129, 1, NULL, NULL, NULL, 51, 52, '2022-07-19', 1, '2022-07-19 02:58:33', '2022-07-19 02:58:33', NULL, 0),
(288, 129, 1, NULL, NULL, NULL, 51, 52, '2022-07-19', 1, '2022-07-19 02:59:53', '2022-07-19 02:59:53', NULL, 0),
(289, 129, 1, NULL, NULL, NULL, 51, 52, '2022-07-19', 1, '2022-07-19 03:00:16', '2022-07-19 03:00:16', NULL, 0),
(290, 129, 1, NULL, NULL, NULL, 51, 52, '2022-07-19', 1, '2022-07-19 03:01:45', '2022-07-19 03:01:45', NULL, 0),
(291, 129, 1, NULL, NULL, NULL, 51, 52, '2022-07-19', 1, '2022-07-19 03:02:35', '2022-07-19 03:02:35', NULL, 0),
(292, 125, 1, NULL, NULL, NULL, 50, 51, '2022-07-20', 1, '2022-07-20 02:58:28', '2022-07-20 02:58:28', NULL, 0),
(293, 125, 1, NULL, NULL, NULL, 50, 51, '2022-07-20', 1, '2022-07-20 03:02:10', '2022-07-20 03:02:10', NULL, 0),
(294, 125, 1, NULL, NULL, NULL, 50, 51, '2022-07-20', 1, '2022-07-20 03:04:23', '2022-07-20 03:04:23', NULL, 0),
(295, 125, 1, NULL, NULL, NULL, 50, 51, '2022-07-20', 1, '2022-07-20 03:04:39', '2022-07-20 03:04:39', NULL, 0),
(296, 125, 1, NULL, NULL, NULL, 50, 51, '2022-07-20', 1, '2022-07-20 03:11:19', '2022-07-20 03:11:19', NULL, 0),
(297, 125, 1, NULL, NULL, NULL, 50, 51, '2022-07-20', 1, '2022-07-20 03:11:21', '2022-07-20 03:11:21', NULL, 0),
(298, 125, 1, NULL, NULL, NULL, 50, 51, '2022-07-20', 1, '2022-07-20 03:11:28', '2022-07-20 03:11:28', NULL, 0),
(299, 118, 1, NULL, NULL, NULL, 50, 51, '2022-07-20', 1, '2022-07-20 03:51:19', '2022-07-20 03:51:19', NULL, 0),
(300, 118, 1, NULL, NULL, NULL, 50, 51, '2022-07-20', 1, '2022-07-20 03:51:51', '2022-07-20 03:51:51', NULL, 0),
(301, 118, 1, NULL, NULL, NULL, 50, 51, '2022-07-20', 1, '2022-07-20 03:54:52', '2022-07-20 03:54:52', NULL, 0),
(302, 119, 1, NULL, NULL, NULL, 50, 51, '2022-07-20', 1, '2022-07-20 03:58:05', '2022-07-20 03:58:05', NULL, 0),
(303, 126, 1, NULL, NULL, NULL, 50, 51, '2022-07-20', 1, '2022-07-20 03:58:17', '2022-07-20 03:58:17', NULL, 0),
(304, 118, 2, 'TAMLE', '0357524761', 'vinh tuy', 50, 51, '2022-07-20', 1, '2022-07-20 04:27:00', '2022-07-20 04:32:43', NULL, 0),
(305, 136, 1, 'TAMLE', '0357524761', 'vinh tuy', 50, 52, '2022-07-20', 1, '2022-07-20 04:27:00', '2022-07-20 04:32:43', NULL, 0),
(306, 137, 1, 'không', '0357524762', 'vinh tuy', 50, 52, '2022-07-20', 1, '2022-07-20 04:32:52', '2022-07-20 04:33:06', NULL, 0),
(307, 122, 1, 'không', '0357524762', 'vinh tuy', 50, 51, '2022-07-20', 1, '2022-07-20 04:32:52', '2022-07-20 04:33:06', NULL, 0),
(308, 118, 1, 'TAMLE', '0357524762', 'vinh tuy gh', 50, 51, '2022-07-20', 1, '2022-07-20 04:34:20', '2022-07-20 04:35:22', NULL, 0),
(309, 118, 1, 'tam le', '0357524762', 'vinh tuy gh', 50, 51, '2022-07-20', 1, '2022-07-20 15:19:07', '2022-07-20 15:19:07', NULL, 0),
(310, 119, 1, 'tam le', '0357524762', 'vinh tuy gh', 50, 51, '2022-07-20', 1, '2022-07-20 15:21:23', '2022-07-20 15:21:23', NULL, 0),
(311, 118, 1, 'tam le', '0357524762', 'vinh tuy gh', 50, 51, '2022-07-20', 1, '2022-07-20 15:21:23', '2022-07-20 15:21:23', NULL, 0),
(312, 116, 1, 'tam le', '0357524762', 'vinh tuy gh', 50, 51, '2022-07-20', 1, '2022-07-20 15:21:23', '2022-07-20 15:21:23', NULL, 0),
(313, 119, 1, 'tam le', '0357524762', 'vinh tuy gh', 50, 51, '2022-07-20', 1, '2022-07-20 15:23:22', '2022-07-20 15:23:22', NULL, 0),
(314, 118, 1, 'tam le', '0357524762', 'vinh tuy gh', 50, 51, '2022-07-20', 3, '2022-07-20 15:25:35', '2022-08-03 08:42:01', NULL, 0),
(315, 118, 1, 'tam le', '0357524762', 'vinh tuy gh', 50, 51, '2022-07-20', 2, '2022-07-20 15:25:56', '2022-08-03 08:42:00', NULL, 0),
(316, 118, 1, 'tam le', '0357524762', 'vinh tuy gh', 50, 51, '2022-07-20', 2, '2022-07-20 15:26:05', '2022-08-03 08:41:29', NULL, 0),
(317, 118, 1, 'tam le', '0357524762', 'vinh tuy gh', 50, 51, '2022-07-20', 2, '2022-07-20 15:26:20', '2022-08-03 08:41:28', NULL, 0),
(318, 118, 2, 'tam le', '0357524762', 'vinh tuy gh', 50, 51, '2022-07-20', 2, '2022-07-20 15:31:28', '2022-08-03 08:41:27', NULL, 0),
(319, 118, 2, 'tam le', '0357524762', 'vinh tuy gh', 50, 51, '2022-07-20', 2, '2022-07-20 15:32:57', '2022-08-03 08:41:26', NULL, 0),
(320, 118, 2, 'tam le', '0357524762', 'vinh tuy gh', 50, 51, '2022-07-20', 3, '2022-07-20 15:34:20', '2022-08-03 08:41:56', NULL, 0),
(321, 118, 2, 'tam le', '0357524762', 'vinh tuy gh', 50, 51, '2022-07-20', 2, '2022-07-20 15:38:00', '2022-08-03 08:41:24', NULL, 0),
(322, 118, 2, 'tam le', '0357524762', 'vinh tuy gh', 50, 51, '2022-07-20', 3, '2022-07-20 15:38:37', '2022-08-03 08:41:20', NULL, 0),
(323, 118, 2, 'tam le', '0357524762', 'vinh tuy gh', 50, 51, '2022-07-20', 3, '2022-07-20 15:40:07', '2022-08-03 08:42:02', NULL, 0),
(324, 118, 2, 'tam le', '0357524762', 'vinh tuy gh', 50, 51, '2022-07-20', 1, '2022-07-20 15:42:00', '2022-07-20 15:42:03', '2022-07-20 15:42:03', 0),
(326, 118, 2, 'tam le', '0357524762', 'vinh tuy gh', 50, 51, '2022-07-20', 3, '2022-07-20 15:43:45', '2022-08-03 08:41:53', NULL, 0),
(327, 132, 1, 'tam le', '0357524762', 'vinh tuy gh', 50, 52, '2022-07-21', 1, '2022-07-21 13:56:39', '2022-07-21 13:56:39', NULL, 0),
(328, 120, 1, 'tam le', '0357524762', 'vinh tuy gh', 50, 51, '2022-07-21', 3, '2022-07-21 13:56:39', '2022-08-03 08:41:51', NULL, 0),
(329, 130, 1, 'tam le', '0357524762', 'vinh tuy gh', 50, 52, '2022-07-21', 1, '2022-07-21 13:56:39', '2022-07-21 13:56:39', NULL, 0),
(330, 131, 1, 'tam le', '0357524762', 'vinh tuy gh', 50, 52, '2022-07-21', 1, '2022-07-21 13:56:39', '2022-07-21 13:56:39', NULL, 0),
(331, 136, 1, 'tam le', '0357524762', 'vinh tuy gh', 50, 52, '2022-07-21', 1, '2022-07-21 13:58:30', '2022-07-21 13:58:30', NULL, 0),
(332, 127, 1, 'tam le', '0357524762', 'vinh tuy gh', 50, 51, '2022-07-31', 6, '2022-07-31 11:07:15', '2022-08-09 10:48:19', NULL, 1),
(333, 118, 1, 'tam le', '0357524762', 'vinh tuy gh', 50, 51, '2022-08-04', 1, '2022-08-04 01:52:43', '2022-08-04 01:52:43', NULL, 0),
(334, 122, 3, 'Lethientam', '0399333354', 'vinh tuy', 60, 51, '2022-08-04', 4, '2022-08-04 07:04:35', '2022-08-04 07:06:01', NULL, 1),
(335, 124, 1, 'Lethientam', '0399333354', 'vinh tuy', 60, 51, '2022-08-04', 4, '2022-08-04 07:04:35', '2022-08-04 07:05:44', NULL, 0),
(336, 136, 1, 'Lethientam', '0399333354', 'vinh tuy', 60, 52, '2022-08-04', 1, '2022-08-04 07:28:14', '2022-08-04 07:33:13', '2022-08-04 07:33:13', 0),
(337, 119, 1, 'tam le', '0357524762', 'vinh tuy gh', 50, 51, '2022-08-04', 1, '2022-08-04 07:52:14', '2022-08-04 07:52:14', NULL, 0),
(338, 118, 1, 'tam le', '0357524762', 'vinh tuy gh', 50, 51, '2022-08-04', 1, '2022-08-04 07:52:14', '2022-08-04 07:52:14', NULL, 0),
(339, 116, 10, 'tam le', '0357524762', 'vinh tuy gh', 50, 51, '2022-08-08', 1, '2022-08-08 07:33:57', '2022-08-08 07:33:57', NULL, 0),
(340, 130, 7, 'tam le', '0357524762', 'vinh tuy gh', 50, 52, '2022-08-08', 1, '2022-08-08 08:15:06', '2022-08-08 08:15:06', NULL, 0),
(341, 130, 7, 'tam le', '0357524762', 'vinh tuy gh', 50, 52, '2022-08-08', 1, '2022-08-08 08:17:52', '2022-08-08 08:17:56', '2022-08-08 08:17:56', 0),
(342, 117, 1, 'tam le', '0357524762', 'vinh tuy gh', 50, 51, '2022-08-10', 1, '2022-08-10 14:23:28', '2022-08-10 14:23:28', NULL, 0),
(343, 118, 1, 'tam le', '0357524762', 'vinh tuy gh', 50, 51, '2022-08-10', 1, '2022-08-10 14:26:33', '2022-08-10 14:26:33', NULL, 0),
(344, 125, 20, NULL, NULL, NULL, 53, 51, '2022-08-10', 1, '2022-08-10 14:44:16', '2022-08-10 14:44:16', NULL, 0),
(345, 125, 100, 'tam le', '0357524762', 'vinh tuy gh', 50, 51, '2022-08-10', 1, '2022-08-10 14:44:28', '2022-08-10 14:44:28', NULL, 0),
(346, 125, 20, NULL, NULL, NULL, 53, 51, '2022-08-10', 1, '2022-08-10 14:44:43', '2022-08-10 14:44:43', NULL, 0),
(347, 117, 1, NULL, NULL, NULL, 53, 51, '2022-08-10', 1, '2022-08-10 15:09:26', '2022-08-10 15:09:26', NULL, 0),
(348, 117, 1, 'tam le', '0399333354', 'letamxi87@gmail.com', 59, 51, '2022-08-10', 1, '2022-08-10 15:10:37', '2022-08-10 15:10:42', '2022-08-10 15:10:42', 0),
(349, 117, 1, 'tam le', '0399333354', 'letamxi87@gmail.com', 59, 51, '2022-08-10', 1, '2022-08-10 15:15:13', '2022-08-10 15:15:13', NULL, 0),
(350, 129, 1, 'tam le', '0399333354', 'letamxi87@gmail.com', 59, 52, '2022-08-10', 1, '2022-08-10 15:15:13', '2022-08-10 15:15:14', '2022-08-10 15:15:14', 0),
(351, 129, 1, 'tam le', '0399333354', 'letamxi87@gmail.com', 59, 52, '2022-08-10', 1, '2022-08-10 15:15:53', '2022-08-10 15:15:53', NULL, 0),
(352, 121, 7, 'shop quần áo', '0357524761', 'vinh tuy', 51, 51, '2022-08-10', 1, '2022-08-10 15:16:47', '2022-08-10 15:16:47', NULL, 0),
(353, 130, 11, 'shop quần áo', '0357524761', 'vinh tuy', 51, 52, '2022-08-10', 1, '2022-08-10 15:16:47', '2022-08-10 15:16:48', '2022-08-10 15:16:48', 0),
(354, 117, 1, 'tam le', '0399333354', 'letamxi87@gmail.com', 59, 51, '2022-08-10', 1, '2022-08-10 15:20:04', '2022-08-10 15:20:17', '2022-08-10 15:20:17', 0),
(355, 129, 1, 'tam le', '0399333354', 'letamxi87@gmail.com', 59, 52, '2022-08-10', 1, '2022-08-10 15:20:04', '2022-08-10 15:20:17', '2022-08-10 15:20:17', 0),
(356, 129, 100, 'shop quần áo', '0357524761', 'vinh tuy', 51, 52, '2022-08-10', 1, '2022-08-10 15:26:22', '2022-08-10 15:26:22', NULL, 0),
(357, 129, 100, 'tam le', '0399333354', 'letamxi87@gmail.com', 59, 52, '2022-08-10', 1, '2022-08-10 15:26:33', '2022-08-10 15:26:33', '2022-08-10 15:26:33', 0),
(358, 129, 100, 'tam le', '0399333354', 'letamxi87@gmail.com', 59, 52, '2022-08-10', 1, '2022-08-10 15:32:13', '2022-08-10 15:32:13', '2022-08-10 15:32:13', 0),
(359, 129, 100, 'tam le', '0399333354', 'letamxi87@gmail.com', 59, 52, '2022-08-10', 1, '2022-08-10 15:32:37', '2022-08-10 15:32:37', '2022-08-10 15:32:37', 0),
(360, 129, 100, 'tam le', '0399333354', 'letamxi87@gmail.com', 59, 52, '2022-08-10', 1, '2022-08-10 15:42:45', '2022-08-10 15:42:45', '2022-08-10 15:42:45', 0),
(361, 129, 100, 'tam le', '0399333354', 'letamxi87@gmail.com', 59, 52, '2022-08-10', 1, '2022-08-10 15:44:54', '2022-08-10 15:44:54', '2022-08-10 15:44:54', 0),
(362, 121, 701, 'shop quần áo', '0357524761', 'vinh tuy', 51, 51, '2022-08-10', 1, '2022-08-10 15:46:36', '2022-08-10 15:46:38', '2022-08-10 15:46:38', 0),
(363, 130, 11, 'shop quần áo', '0357524761', 'vinh tuy', 51, 52, '2022-08-10', 1, '2022-08-10 15:46:36', '2022-08-10 15:46:38', '2022-08-10 15:46:38', 0),
(364, 121, 100, 'shop quần áo', '0357524761', 'vinh tuy', 51, 51, '2022-08-10', 1, '2022-08-10 15:48:01', '2022-08-10 15:48:03', '2022-08-10 15:48:03', 0),
(365, 130, 12, 'shop quần áo', '0357524761', 'vinh tuy', 51, 52, '2022-08-10', 1, '2022-08-10 15:48:01', '2022-08-10 15:48:03', '2022-08-10 15:48:03', 0),
(366, 129, 100, 'shop quần áo', '0357524761', 'vinh tuy', 51, 52, '2022-08-10', 1, '2022-08-10 15:48:48', '2022-08-10 15:48:48', '2022-08-10 15:48:48', 0),
(367, 129, 100, 'shop quần áo', '0357524761', 'vinh tuy', 51, 52, '2022-08-10', 1, '2022-08-10 15:49:56', '2022-08-10 15:49:56', '2022-08-10 15:49:56', 0),
(368, 129, 100, 'shop quần áo', '0357524761', 'vinh tuy', 51, 52, '2022-08-10', 1, '2022-08-10 15:50:53', '2022-08-10 15:50:53', '2022-08-10 15:50:53', 0),
(369, 129, 100, 'shop quần áo', '0357524761', 'vinh tuy', 51, 52, '2022-08-10', 1, '2022-08-10 15:51:41', '2022-08-10 15:51:41', '2022-08-10 15:51:41', 0),
(370, 117, 500, 'concacha', '0357524761', 'vinh tuy', 52, 51, '2022-08-12', 1, '2022-08-12 02:58:16', '2022-08-12 02:58:16', NULL, 0),
(371, 117, 100, 'tam le', '0357524762', 'vinh tuy gh', 50, 51, '2022-08-12', 1, '2022-08-12 02:58:30', '2022-08-12 02:58:30', '2022-08-12 02:58:30', 0),
(372, 117, 100, 'tam le', '0357524762', 'vinh tuy gh', 50, 51, '2022-08-12', 1, '2022-08-12 02:59:36', '2022-08-12 02:59:36', '2022-08-12 02:59:36', 0),
(373, 117, 100, 'tam le', '0357524762', 'vinh tuy gh', 50, 51, '2022-08-12', 1, '2022-08-12 03:01:29', '2022-08-12 03:01:29', '2022-08-12 03:01:29', 0),
(374, 117, 100, 'tam le', '0357524762', 'vinh tuy gh', 50, 51, '2022-08-12', 1, '2022-08-12 03:01:51', '2022-08-12 03:01:51', '2022-08-12 03:01:51', 0),
(375, 117, 100, 'tam le', '0357524762', 'vinh tuy gh', 50, 51, '2022-08-12', 1, '2022-08-12 03:02:52', '2022-08-12 03:02:52', '2022-08-12 03:02:52', 0),
(376, 117, 100, 'tam le', '0357524762', 'vinh tuy gh', 50, 51, '2022-08-12', 1, '2022-08-12 03:03:36', '2022-08-12 03:03:36', '2022-08-12 03:03:36', 0),
(377, 117, 100, 'tam le', '0357524762', 'vinh tuy gh', 50, 51, '2022-08-12', 1, '2022-08-12 03:05:32', '2022-08-12 03:05:32', '2022-08-12 03:05:32', 0),
(378, 117, 100, 'tam le', '0357524762', 'vinh tuy gh', 50, 51, '2022-08-12', 1, '2022-08-12 03:06:19', '2022-08-12 03:06:19', '2022-08-12 03:06:19', 0),
(379, 123, 123, 'concacha', '0357524761', 'vinh tuy', 52, 51, '2022-08-12', 1, '2022-08-12 03:08:16', '2022-08-12 03:08:16', NULL, 0),
(380, 122, 94, 'concacha', '0357524761', 'vinh tuy', 52, 51, '2022-08-12', 1, '2022-08-12 03:08:16', '2022-08-12 03:08:16', NULL, 0),
(381, 122, 94, 'tam le', '0357524762', 'vinh tuy gh', 50, 51, '2022-08-12', 1, '2022-08-12 03:08:27', '2022-08-12 03:08:27', '2022-08-12 03:08:27', 0),
(382, 123, 100, 'tam le', '0357524762', 'vinh tuy gh', 50, 51, '2022-08-12', 1, '2022-08-12 03:08:27', '2022-08-12 03:08:27', '2022-08-12 03:08:27', 0),
(383, 122, 94, 'tam le', '0357524762', 'vinh tuy gh', 50, 51, '2022-08-12', 1, '2022-08-12 03:08:44', '2022-08-12 03:08:44', '2022-08-12 03:08:44', 0),
(384, 123, 0, 'tam le', '0357524762', 'vinh tuy gh', 50, 51, '2022-08-12', 1, '2022-08-12 03:08:44', '2022-08-12 03:08:44', '2022-08-12 03:08:44', 0),
(385, 123, 0, 'tam le', '0357524762', 'vinh tuy gh', 50, 51, '2022-08-12', 1, '2022-08-12 03:11:09', '2022-08-12 03:11:15', '2022-08-12 03:11:15', 0),
(386, 121, 3, 'shop quần áo', '0357524761', 'vinh tuy', 51, 51, '2022-09-11', 1, '2022-09-11 07:27:58', '2022-09-11 07:27:58', NULL, 0),
(387, 119, 6, 'shop quần áo', '0357524761', 'vinh tuy', 51, 51, '2022-09-11', 1, '2022-09-11 07:27:58', '2022-09-11 07:27:58', NULL, 0),
(388, 121, 3, 'shop quần áo', '0357524761', 'vinh tuy', 51, 51, '2022-09-11', 1, '2022-09-11 07:27:58', '2022-09-11 07:27:58', NULL, 0),
(389, 119, 6, 'shop quần áo', '0357524761', 'vinh tuy', 51, 51, '2022-09-11', 1, '2022-09-11 07:27:58', '2022-09-11 07:27:58', NULL, 0),
(390, 116, 7, 'shop quần áo', '0357524761', 'vinh tuy', 51, 51, '2022-09-11', 1, '2022-09-11 08:56:35', '2022-09-11 08:56:38', '2022-09-11 08:56:38', 0),
(391, 117, 8, 'shop quần áo', '0357524761', 'vinh tuy', 51, 51, '2022-09-11', 1, '2022-09-11 08:56:35', '2022-09-11 08:56:38', '2022-09-11 08:56:38', 0),
(392, 117, 8, 'shop quần áo', '0357524761', 'vinh tuy', 51, 51, '2022-09-11', 1, '2022-09-11 08:56:40', '2022-09-11 08:56:40', NULL, 0),
(393, 135, 5, 'tamle', '0399333354', 'letamxi87@gmail.com', 61, 52, '2022-09-27', 1, '2022-09-27 01:41:23', '2022-09-27 01:41:23', NULL, 0),
(394, 127, 3, 'tamle', '0399333354', 'letamxi87@gmail.com', 61, 51, '2022-09-27', 1, '2022-09-27 01:41:30', '2022-09-27 01:41:31', '2022-09-27 01:41:31', 0),
(395, 133, 2, 'tamle', '0399333354', 'letamxi87@gmail.com', 61, 52, '2022-09-27', 1, '2022-09-27 02:18:25', '2022-09-27 02:18:25', NULL, 0),
(396, 117, 1, 'tamle', '0399333354', 'letamxi87@gmail.com', 61, 51, '2022-09-27', 1, '2022-09-27 02:18:25', '2022-09-27 02:18:25', NULL, 0);

-- --------------------------------------------------------

--
-- Cấu trúc bảng cho bảng `hoadonnhaphang`
--

CREATE TABLE `hoadonnhaphang` (
  `id_nhaphang` int(11) NOT NULL,
  `id_cuahang` int(11) NOT NULL,
  `id_sanpham` int(11) NOT NULL,
  `soluong` int(11) NOT NULL,
  `gia` float NOT NULL,
  `ngaynhap` date DEFAULT NULL,
  `updated_at` timestamp NULL DEFAULT NULL,
  `deleted_at` timestamp NULL DEFAULT NULL,
  `created_at` timestamp NULL DEFAULT NULL
) ENGINE=InnoDB DEFAULT CHARSET=utf8mb4;

--
-- Đang đổ dữ liệu cho bảng `hoadonnhaphang`
--

INSERT INTO `hoadonnhaphang` (`id_nhaphang`, `id_cuahang`, `id_sanpham`, `soluong`, `gia`, `ngaynhap`, `updated_at`, `deleted_at`, `created_at`) VALUES
(29, 51, 116, 40, 45000, '2022-08-07', '2022-08-07 12:29:42', NULL, '2022-08-07 12:29:42'),
(30, 51, 145, 78, 56536300, '2022-08-08', '2022-08-08 07:28:38', NULL, '2022-08-08 07:28:38'),
(31, 51, 116, 60, 50000, '2022-08-08', '2022-08-08 07:33:29', NULL, '2022-08-08 07:33:29'),
(32, 51, 116, 6, 45000, '2022-08-11', '2022-08-10 14:29:39', NULL, '2022-08-10 14:29:39'),
(33, 51, 116, 600, 45000, '2022-08-04', '2022-08-10 14:33:13', NULL, '2022-08-10 14:33:13'),
(34, 51, 117, 6, 45000, '2022-08-04', '2022-08-10 14:33:13', NULL, '2022-08-10 14:33:13'),
(35, 51, 118, 65, 67, '2022-08-19', '2022-08-12 04:01:56', NULL, '2022-08-12 04:01:56'),
(36, 51, 119, 56, 45000, '2022-08-11', '2022-08-12 04:02:46', NULL, '2022-08-12 04:02:46'),
(37, 51, 146, 33, 56536300, '2022-09-12', '2022-09-12 03:15:49', NULL, '2022-09-12 03:15:49'),
(38, 51, 118, 10, 45000, '2022-09-27', '2022-09-27 02:56:44', NULL, '2022-09-27 02:56:44'),
(39, 64, 147, 4, 56536300, '2022-10-03', '2022-10-03 04:47:12', NULL, '2022-10-03 04:47:12'),
(40, 64, 148, 55, 56536300, '2022-10-03', '2022-10-03 04:48:00', NULL, '2022-10-03 04:48:00'),
(41, 64, 149, 55, 56536300, '2022-10-03', '2022-10-03 05:11:03', NULL, '2022-10-03 05:11:03');

-- --------------------------------------------------------

--
-- Cấu trúc bảng cho bảng `khuyenmai`
--

CREATE TABLE `khuyenmai` (
  `id` int(11) NOT NULL,
  `id_sanpham` int(11) NOT NULL,
  `id_cuahang` bigint(20) NOT NULL,
  `name` varchar(191) NOT NULL,
  `phantram` int(3) NOT NULL,
  `NgayBD` date NOT NULL,
  `NgayKT` date NOT NULL,
  `created_at` timestamp NULL DEFAULT NULL,
  `updated_at` timestamp NULL DEFAULT NULL,
  `deleted_at` timestamp NULL DEFAULT NULL
) ENGINE=InnoDB DEFAULT CHARSET=utf8mb4;

--
-- Đang đổ dữ liệu cho bảng `khuyenmai`
--

INSERT INTO `khuyenmai` (`id`, `id_sanpham`, `id_cuahang`, `name`, `phantram`, `NgayBD`, `NgayKT`, `created_at`, `updated_at`, `deleted_at`) VALUES
(28, 116, 0, 'Khuyến mãi ngày cuối năm', 90, '2022-07-09', '2022-07-10', '2022-06-23 00:41:28', '2022-07-18 00:54:51', '2022-07-18 00:54:51'),
(30, 116, 0, 'hoi cho1', 555, '2022-06-15', '2022-07-01', '2022-06-23 01:21:07', '2022-06-23 01:24:16', '2022-06-23 01:24:16'),
(31, 116, 0, 'hoi cho1', 77, '2022-06-16', '2022-06-25', '2022-06-23 01:24:32', '2022-06-23 01:25:04', '2022-06-23 01:25:04'),
(32, 116, 0, 'hsjskjs', 3, '2022-06-09', '2022-07-08', '2022-06-23 01:26:08', '2022-06-23 01:27:34', '2022-06-23 01:27:34'),
(33, 116, 0, 'hoi cho1', 3, '2022-06-08', '2022-06-09', '2022-06-23 01:29:13', '2022-06-23 01:29:13', NULL),
(34, 117, 0, 'hsjskjs', 22, '2022-06-23', '2022-06-25', '2022-06-24 00:46:49', '2022-06-24 00:46:49', NULL),
(35, 132, 0, 'hoi cho1a', 121, '2022-06-15', '2022-07-01', '2022-06-24 01:28:38', '2022-06-24 02:40:25', NULL),
(36, 117, 0, 'Khuyến mãi ngày cuối năm do', 30, '2022-07-05', '2022-07-09', '2022-07-06 13:30:06', '2022-07-06 13:30:06', NULL),
(38, 118, 0, 'hoi cho1', 10, '2022-07-17', '2022-07-30', '2022-07-06 15:15:47', '2022-07-18 01:36:02', NULL),
(39, 131, 0, 'Khuyến mãi ngày cuối năm', 12, '2022-07-17', '2022-07-18', '2022-07-17 02:40:51', '2022-07-17 02:40:51', NULL),
(40, 124, 0, 'hoi cho1', 23, '2022-07-17', '2022-07-18', '2022-07-17 05:09:01', '2022-07-18 01:35:44', '2022-07-18 01:35:44'),
(41, 127, 0, 'Khuyến mãi ngày cuối năm', 4, '2022-07-18', '2022-07-19', '2022-07-18 01:24:15', '2022-07-18 01:32:53', '2022-07-18 01:32:53'),
(42, 116, 0, 'Khuyến mãi 8/8', 20, '2022-08-03', '2022-08-05', '2022-08-03 07:57:37', '2022-08-05 03:11:49', NULL),
(43, 117, 0, 'Khuyến mãi 8/8', 20, '2022-08-03', '2022-08-08', '2022-08-03 07:58:01', '2022-08-03 08:39:44', '2022-08-03 08:39:44'),
(44, 124, 0, 'Khuyến mãi 8/8', 25, '2022-08-03', '2022-08-03', '2022-08-03 07:58:23', '2022-08-04 07:26:54', NULL),
(45, 121, 0, 'Khuyến mãi ngày cuối năm', 56, '2022-08-06', '2022-08-19', '2022-08-04 11:39:20', '2022-08-04 11:39:20', NULL),
(46, 117, 0, 'hoi cho1', 56, '2022-08-05', '2022-08-20', '2022-08-04 11:45:35', '2022-08-04 11:45:35', NULL),
(47, 119, 0, 'Khuyến mãi ngày cuối năm', 56, '2022-08-04', '2022-08-18', '2022-08-04 11:51:31', '2022-08-04 11:51:31', NULL),
(48, 122, 0, 'Khuyến mãi ngày cuối năm', 45, '2022-08-04', '2022-08-04', '2022-08-04 11:52:53', '2022-08-04 11:52:53', NULL),
(49, 122, 0, 'Khuyến mãi ngày cuối năm', 55, '2022-08-05', '2022-08-14', '2022-08-04 11:55:19', '2022-08-04 11:55:19', NULL),
(50, 127, 0, 'Khuyến mãi ngày cuối năm', 44, '2022-08-04', '2022-08-05', '2022-08-04 11:57:08', '2022-08-04 12:01:08', '2022-08-04 12:01:08'),
(51, 120, 0, 'Khuyến mãi ngày cuối năm', 56, '2022-08-04', '2022-08-12', '2022-08-04 11:59:27', '2022-08-04 12:01:12', '2022-08-04 12:01:12'),
(52, 118, 0, 'Khuyến mãi ngày cuối năm', 45, '2022-08-05', '2022-08-06', '2022-08-05 03:05:11', '2022-08-05 03:05:11', NULL),
(53, 120, 0, 'Khuyến mãi ngày cuối năm', 45, '2022-09-11', '2022-09-23', '2022-09-11 08:45:56', '2022-09-11 08:45:56', NULL),
(54, 116, 0, 'Khuyến mãi ngày cuối năm', 20, '2022-09-27', '2022-10-08', '2022-09-27 01:14:41', '2022-09-27 01:14:41', NULL),
(55, 117, 0, 'Khuyến mãi ngày cuối năm', 20, '2022-09-27', '2022-10-06', '2022-09-27 01:14:56', '2022-09-27 01:14:56', NULL),
(56, 118, 0, 'Khuyến mãi ngày cuối năm', 20, '2022-09-27', '2022-10-09', '2022-09-27 01:15:09', '2022-09-27 01:15:09', NULL),
(57, 120, 0, 'Khuyến mãi ngày cuối năm', 20, '2022-09-27', '2022-10-08', '2022-09-27 01:15:27', '2022-09-27 01:15:27', NULL),
(58, 123, 0, 'Khuyến mãi ngày cuối năm', 20, '2022-09-27', '2022-10-09', '2022-09-27 01:15:56', '2022-09-27 01:15:56', NULL),
(60, 149, 64, 'hoi cho1', 44, '2022-10-04', '2022-10-26', '2022-10-03 05:11:27', '2022-10-03 05:11:27', NULL),
(61, 149, 64, 'hoi cho1', 44, '2022-10-03', '2022-10-03', '2022-10-03 05:11:43', '2022-10-03 05:11:48', '2022-10-03 05:11:48'),
(62, 124, 51, 'Khuyến mãi ngày cuối năm', -48, '2022-10-03', '2022-10-20', '2022-10-03 05:12:50', '2022-10-03 05:12:50', NULL);

-- --------------------------------------------------------

--
-- Cấu trúc bảng cho bảng `loaisanpham`
--

CREATE TABLE `loaisanpham` (
  `id` int(11) NOT NULL,
  `name` varchar(50) CHARACTER SET utf8mb4 COLLATE utf8mb4_unicode_ci NOT NULL,
  `image` varchar(191) NOT NULL,
  `created_at` timestamp NULL DEFAULT NULL,
  `updated_at` datetime DEFAULT NULL,
  `deleted_at` timestamp NULL DEFAULT NULL
) ENGINE=InnoDB DEFAULT CHARSET=utf8mb4;

--
-- Đang đổ dữ liệu cho bảng `loaisanpham`
--

INSERT INTO `loaisanpham` (`id`, `name`, `image`, `created_at`, `updated_at`, `deleted_at`) VALUES
(140, 'Chất tẩy rửa', 'chattayrua.jpg', '2022-06-20 05:06:44', '2022-08-05 09:11:49', NULL),
(141, 'Giày dép', 'daydep.jpg', '2022-06-20 05:07:17', '2022-06-20 12:07:17', NULL),
(142, 'Đồ điện tử', 'dodungdientu.jpg', '2022-06-20 05:09:30', '2022-06-20 12:09:30', NULL),
(143, 'Đồ dùng bếp', 'dodungbep.jpg', '2022-06-20 05:10:51', '2022-06-20 12:10:51', NULL),
(144, 'Dụng cụ học tập', 'dungcuhoctap.jpg', '2022-06-20 05:11:12', '2022-06-20 12:11:12', NULL),
(145, 'Mỹ phẩm', 'mypham.jpg', '2022-06-20 05:11:23', '2022-06-20 12:11:23', NULL),
(146, 'Nội thất', 'noithat.jpg', '2022-06-20 05:11:31', '2022-06-20 12:11:31', NULL),
(147, 'Quần áo', 'quanao.jpg', '2022-06-20 05:11:43', '2022-06-20 12:11:43', NULL),
(148, 'Thực phẩm', 'thucpham.jpg', '2022-06-20 05:11:55', '2022-06-20 12:11:55', NULL),
(149, 'Vật dụng cá nhân', 'vatdungcanhan.jpg', '2022-06-20 05:12:14', '2022-06-20 12:12:14', NULL),
(150, 'Sách', 'sach.jfif', '2022-07-21 13:49:48', '2022-09-25 09:26:51', NULL),
(151, 'Dịch vụ ', 'dichvu.jfif', '2022-07-21 13:50:17', '2022-07-21 20:50:17', NULL),
(152, 'Đồ chơi ', 'dochoi.jfif', '2022-07-21 13:50:31', '2022-07-21 20:50:31', NULL),
(153, 'Thiết bị gia dụng', 'thietbigiadung.jfif', '2022-07-21 13:51:09', '2022-07-21 20:51:09', NULL),
(154, 'Thú cưng', 'thucung.jfif', '2022-07-21 13:51:23', '2022-07-21 20:51:23', NULL),
(155, 'Sức khỏe', 'suckhoe.jfif', '2022-07-21 13:51:59', '2022-07-21 20:51:59', NULL),
(156, 'Phương tiện giao thông', 'phuongtiengiaothong.jfif', '2022-07-21 13:52:26', '2022-07-21 20:52:26', NULL),
(157, 'jl', 'chattayrua.jpg', '2022-08-05 02:25:18', '2022-08-05 09:26:14', '2022-08-05 02:26:14'),
(158, 'd', 'chattayrua.jpg', '2022-08-05 02:27:02', '2022-08-05 09:27:09', '2022-08-05 02:27:09'),
(159, 'g', 'chattayrua.jpg', '2022-08-05 02:27:56', '2022-08-05 09:28:26', '2022-08-05 02:28:26'),
(160, 'x', 'chattayrua.jpg', '2022-08-05 02:29:03', '2022-08-05 09:29:09', '2022-08-05 02:29:09'),
(161, 'd', 'dodungdientu.jpg', '2022-08-05 02:30:30', '2022-08-05 09:30:40', '2022-08-05 02:30:40'),
(162, 'd', 'chattayrua.jpg', '2022-08-05 02:31:33', '2022-08-05 09:31:39', '2022-08-05 02:31:39');

-- --------------------------------------------------------

--
-- Cấu trúc bảng cho bảng `nguoidung`
--

CREATE TABLE `nguoidung` (
  `id_nguoidung` bigint(20) UNSIGNED NOT NULL COMMENT 'ID',
  `username` varchar(191) COLLATE utf8mb4_unicode_ci NOT NULL COMMENT 'Tên đăng nhập',
  `password` varchar(191) COLLATE utf8mb4_unicode_ci NOT NULL COMMENT 'Mật khẩu',
  `ID_quyen` int(11) NOT NULL,
  `id_loaihang` int(11) DEFAULT NULL,
  `TrangthaiTK` int(11) DEFAULT 1,
  `activated` tinyint(1) DEFAULT 0 COMMENT 'Đã kích hoạt',
  `created_at` timestamp NULL DEFAULT NULL,
  `updated_at` timestamp NULL DEFAULT NULL,
  `deleted_at` timestamp NULL DEFAULT NULL
) ENGINE=InnoDB DEFAULT CHARSET=utf8mb4 COLLATE=utf8mb4_unicode_ci;

--
-- Đang đổ dữ liệu cho bảng `nguoidung`
--

INSERT INTO `nguoidung` (`id_nguoidung`, `username`, `password`, `ID_quyen`, `id_loaihang`, `TrangthaiTK`, `activated`, `created_at`, `updated_at`, `deleted_at`) VALUES
(50, 'TAMLE', '$2y$12$XtgG124QwaPO2ebWYOiBDeuGgEMv605OBR0ZY/uTmXkMf4jei6Unq', 1, NULL, 2, 0, '2022-06-20 04:53:25', '2022-10-03 03:41:56', NULL),
(51, 'nhuy', '$2y$12$ns93Bqbh3juwCaibUTS1aeykXw9KAX9AnJ1DesNCaSZaoA/S1MM5O', 3, 147, 1, 0, '2022-06-20 04:53:54', '2022-10-03 03:41:53', NULL),
(52, 'concacha', '$2y$12$A9rQFS86qUZKU9gBtz9mdehEOg.Y/z04qLvcx0n/ch7tqlsXCBin2', 3, 142, 1, 0, '2022-06-20 04:54:33', '2022-08-12 03:13:02', NULL),
(53, 'concame', '$2y$12$jWBpvzyco.sqN4R1VXXooufii11xXAm9AB.JOAxNoqT2tYo.uZKn.', 3, 144, 1, 0, '2022-06-20 04:54:59', '2022-10-03 03:57:06', NULL),
(54, 'congacon', '$2y$12$hR4rVHdsdsbGtHBs0fvgrehAKQD4LQxE2Y16Eo/U8cp5.b8XtdUay', 3, 147, 1, 0, '2022-06-24 04:19:49', '2022-06-24 04:20:30', NULL),
(55, 'concamem', '$2y$12$iLI5eJ5IOVLNdBqMYIqhk.CoE1NJ5FOK5O2ZMKGQ7V/8j/TgEWgGu', 2, NULL, 1, 0, '2022-07-05 12:47:25', '2022-07-05 12:47:25', NULL),
(56, 'tuilaconca', '$2y$12$IZt3tNUVH2yWTVFc9arYsu65XRdAFCMqb0wv0.YObDqSE8bbJ3/tO', 2, NULL, 1, 0, '2022-07-19 00:43:55', '2022-07-19 00:43:55', NULL),
(57, 'lala', '$2y$12$tzNBMFdgyAUi6k0y44nJNOMQ2egBC4OD3PMtgLBYdEHmspoRo.gQK', 2, NULL, 1, 0, '2022-07-20 03:24:35', '2022-10-03 03:41:57', NULL),
(58, 'lale', '$2y$12$bm2TlGQhG5oqq7XoDYhoZ.gZDwfh4DJL90.4i4JXRTfyqXNdTKupq', 2, NULL, 1, 0, '2022-07-20 03:26:18', '2022-07-23 02:56:23', NULL),
(59, 'lttam', '$2y$12$2..mencX7/.fHQJCaVwt1e3aO/LgWSby/RioP.wzOr1gjLCrSzzJm', 2, NULL, 1, 0, '2022-08-03 07:45:16', '2022-08-05 02:43:07', NULL),
(60, 'Lethientam', '$2y$12$nO0mZO9zRdRKdvGXVyN/V.30V2enFfH3FDr4DLmMHdE2BBZe/SIWG', 2, NULL, 1, 0, '2022-08-04 07:04:04', '2022-08-04 07:04:04', NULL),
(61, 'guest', '$2y$12$C2KGX9Ly7sZQLsjrEtek8OHVMLwikjI7WGSOpG.mbvZjr8OV0lpyK', 4, NULL, 1, 0, '2022-09-27 01:40:12', '2022-09-27 01:40:12', NULL),
(62, 'users', '$2y$12$dSEuKYW/37NfRKRAmhZCkelsc/l59q7nsuVc2PgOcPLuvBBT4rQG6', 3, 151, 1, 0, '2022-10-03 03:58:58', '2022-10-03 04:01:42', NULL),
(63, 'tamles', '$2y$12$KNSv.Bwj/eoebL5/bZPSdO582/XWkQkyDH3emhIFSB7NNUx2Gk6R6', 2, NULL, 1, 0, '2022-10-03 04:05:05', '2022-10-03 04:05:05', NULL),
(64, 'adminss', '$2y$12$LUpIqGDp0kKDHmb27CiFSOrNYal.g9KRgqtlDS5G3peR8myx6rmFW', 3, 153, 1, 0, '2022-10-03 04:05:46', '2022-10-03 04:07:40', NULL);

-- --------------------------------------------------------

--
-- Cấu trúc bảng cho bảng `noisanxuat`
--

CREATE TABLE `noisanxuat` (
  `id` int(11) NOT NULL,
  `name` varchar(50) CHARACTER SET utf8mb4 COLLATE utf8mb4_unicode_ci NOT NULL,
  `KiHieu` varchar(255) DEFAULT NULL,
  `created_at` timestamp NULL DEFAULT NULL,
  `updated_at` timestamp NULL DEFAULT NULL,
  `deleted_at` timestamp NULL DEFAULT NULL
) ENGINE=InnoDB DEFAULT CHARSET=utf8mb4;

--
-- Đang đổ dữ liệu cho bảng `noisanxuat`
--

INSERT INTO `noisanxuat` (`id`, `name`, `KiHieu`, `created_at`, `updated_at`, `deleted_at`) VALUES
(1, 'Việt Nam', 'VN', NULL, '2022-08-05 04:01:23', NULL),
(3, 'Trung Quốc', 'TQ', '2022-06-20 10:29:39', '0000-00-00 00:00:00', NULL),
(4, 'Nga', 'NG', '2022-05-19 21:46:57', '2022-05-21 01:07:22', NULL),
(5, 'Trung Quốc', NULL, '2022-05-21 23:40:29', '2022-07-01 09:25:34', '2022-07-01 09:25:34'),
(6, 'Ấn Độ TTNT', NULL, '2022-05-21 23:40:50', '2022-07-01 09:12:36', '2022-07-01 09:12:36'),
(7, 'CTy của Mỹ đặt tại Việt Nam', NULL, '2022-05-21 23:41:30', '2022-07-01 09:12:31', '2022-07-01 09:12:31'),
(8, 'Hàn quốc', 'HQ', '2022-06-20 05:32:22', '2022-06-20 05:32:22', NULL),
(9, 'Nhật bản', 'NB', '2022-06-20 06:45:57', '2022-06-20 06:45:57', NULL),
(10, 'Uberrixtan', 'UB', '2022-07-01 09:09:39', '2022-07-01 09:09:39', NULL),
(11, 'jjakaksk', 'ff', '2022-08-05 04:01:38', '2022-08-05 04:02:36', '2022-08-05 04:02:36');

-- --------------------------------------------------------

--
-- Cấu trúc bảng cho bảng `quyen`
--

CREATE TABLE `quyen` (
  `ID_quyen` int(11) NOT NULL,
  `quyen` varchar(255) COLLATE utf8mb4_unicode_ci NOT NULL,
  `deleted_at` timestamp NULL DEFAULT NULL,
  `created_at` timestamp NULL DEFAULT NULL,
  `updated_at` timestamp NULL DEFAULT NULL
) ENGINE=InnoDB DEFAULT CHARSET=utf8mb4 COLLATE=utf8mb4_unicode_ci;

--
-- Đang đổ dữ liệu cho bảng `quyen`
--

INSERT INTO `quyen` (`ID_quyen`, `quyen`, `deleted_at`, `created_at`, `updated_at`) VALUES
(1, 'Admin', NULL, NULL, NULL),
(2, 'Customer', NULL, NULL, NULL),
(3, 'Partner', NULL, NULL, NULL),
(4, 'Guest', NULL, NULL, NULL);

-- --------------------------------------------------------

--
-- Cấu trúc bảng cho bảng `sanpham`
--

CREATE TABLE `sanpham` (
  `id` int(11) NOT NULL,
  `id_loai` int(11) NOT NULL,
  `id_nsx` int(11) NOT NULL,
  `id_cuahang` bigint(20) UNSIGNED DEFAULT NULL,
  `name` varchar(50) NOT NULL,
  `gia` float NOT NULL,
  `giasaukhuyenmai` float DEFAULT NULL,
  `soluong` int(11) NOT NULL COMMENT 'Số lượng được tính trên kg\r\n',
  `mota` varchar(500) NOT NULL,
  `sosaotb` float NOT NULL DEFAULT 5,
  `baoquan` varchar(255) NOT NULL,
  `image` varchar(191) NOT NULL,
  `created_at` timestamp NULL DEFAULT NULL,
  `updated_at` timestamp NULL DEFAULT NULL,
  `deleted_at` timestamp NULL DEFAULT NULL
) ENGINE=InnoDB DEFAULT CHARSET=utf8mb4;

--
-- Đang đổ dữ liệu cho bảng `sanpham`
--

INSERT INTO `sanpham` (`id`, `id_loai`, `id_nsx`, `id_cuahang`, `name`, `gia`, `giasaukhuyenmai`, `soluong`, `mota`, `sosaotb`, `baoquan`, `image`, `created_at`, `updated_at`, `deleted_at`) VALUES
(116, 147, 4, 51, 'Áo thun Marvel', 58500, 46800, 726, 'Chất liệu mát mẻ, năng động', 0, 'Tránh chất tẩy mạnh', 'aothuMarvel.jpg', '2022-06-20 05:25:06', '2022-09-27 01:14:41', NULL),
(117, 147, 1, 51, 'Áo thun hình gấu', 58500, 46800, 0, 'Chất liệu mát mẻ, năng động', 3, 'Tránh chất tẩy mạnh', 'Aothunhinhgau.jpg', '2022-06-20 05:26:56', '2022-09-27 02:18:25', NULL),
(118, 147, 1, 51, 'Áo thun Unisex', 58500, 46800, 1798, 'Chất liệu mát mẻ, năng động', 0, 'Tránh chất tẩy mạnh', 'aothununisex.jpg', '2022-06-20 05:27:24', '2022-09-27 02:56:44', NULL),
(119, 147, 4, 51, 'Quần tây cao cấp ', 58500, 58500, 279, 'Chất liệu mát mẻ, năng động nhập khẩu từ Nga', 4, 'Tránh chất tẩy mạnh', 'quantaycaocap.jpg', '2022-06-20 05:31:20', '2022-09-11 07:27:58', NULL),
(120, 147, 8, 51, 'Quần tây Hàn quốc', 189000, 151200, 298, 'Chất liệu mát mẻ, năng động phụ hợp mọi loại dáng', 0, 'Tránh chất tẩy mạnh', 'quantayHanquoc.jpg', '2022-06-20 05:33:32', '2022-09-27 01:15:27', NULL),
(121, 147, 1, 51, 'Áo sơ mi đơn giản', 49000, 49000, 186, 'Chất liệu mát mẻ, năng động', 0, 'Tránh chất tẩy mạnh', 'somidongian.jpg', '2022-06-20 05:34:06', '2022-09-11 07:27:58', NULL),
(122, 147, 3, 51, 'Áo sơ mi nam dáng rộng', 79000, 35550, 0, 'Chất liệu mát mẻ, năng động phụ hợp mọi loại dáng', 4.5, 'Tránh chất tẩy mạnh', 'sominamdangrong.jpg', '2022-06-20 05:34:45', '2022-08-12 03:08:44', NULL),
(123, 147, 1, 51, 'Áo sơ mi nam tay ngắn', 59000, 47200, 0, 'Chất liệu mát mẻ, năng động phụ hợp mọi loại dáng', 0, 'Tránh chất tẩy mạnh', 'sominamtayngan.jpg', '2022-06-20 05:35:34', '2022-09-27 01:15:56', NULL),
(124, 147, 10, 51, 'Sơ mi nữ cao cấp ', 89000, 131720, 199, 'Chất liệu mát mẻ, năng động phụ hợp mọi loại dáng', 0, 'Tránh chất tẩy mạnh', 'sominu.jpg', '2022-06-20 05:36:08', '2022-10-03 05:12:50', NULL),
(125, 147, 1, 51, 'Váy xòe ', 289000, 289000, 27, 'Chất liệu mát mẻ, năng động phụ hợp mọi loại dáng', 0, 'Tránh chất tẩy mạnh', 'vaayxoe.jpg', '2022-06-20 05:36:40', '2022-08-10 14:44:43', NULL),
(126, 147, 3, 51, 'Váy xòe công chúa', 189000, 189000, 119, 'Chất liệu mát mẻ, năng động phụ hợp mọi loại dáng', 0, 'Tránh chất tẩy mạnh', 'vaycongchua.jpg', '2022-06-20 05:37:12', '2022-07-20 03:58:17', NULL),
(127, 147, 8, 51, 'Váy yếm ', 190000, 190000, 110, 'Chất liệu mát mẻ, năng động', 4, 'Tránh chất tẩy mạnh', 'vayyem.jpg', '2022-06-20 05:37:43', '2022-09-27 01:41:31', NULL),
(128, 142, 8, 52, 'Laptop Asus E210', 3500000, 3500000, 60, 'con chip siêu mượt , ảnh đẹp ,chất lượng', 4, 'Tránh nhiệt độ cao và nước', 'AsusE210.jpg', '2022-06-20 06:45:34', '2022-08-04 06:51:55', NULL),
(129, 142, 9, 52, 'Laptop Dell', 15000000, 15000000, -488, 'mỏng nhẹ hệ điều hành 64bit 128g ', 0, 'Tránh nhiệt độ cao và nước', 'laptopDEll.jpg', '2022-06-20 08:32:02', '2022-08-10 15:51:41', NULL),
(130, 142, 3, 52, 'Laptop HP 240 G8', 15350000, 15350000, 62, 'Hệ điều hành vô cùng mạnh cấu hình siêu mượt', 5, 'Tránh nhiệt độ cao và nước', 'laptophp240g8.jpg', '2022-06-20 08:33:23', '2022-09-27 02:32:47', NULL),
(131, 142, 9, 52, 'MacBook Air M10 2020', 25000000, 25000000, 197, 'Cấu hình vượt trọi siêu mỏng và nhẹ', 3, 'Tránh nhiệt độ cao và nước', 'macbookairm12020.jpg', '2022-06-20 08:34:35', '2022-08-01 14:56:48', NULL),
(132, 142, 1, 52, 'Máy ảnh Canon cao cấp', 13500000, 13500000, 123, 'Chất lượng ảnh tốt, bắt mọi khoảnh khắc', 0, 'Tránh nhiệt độ cao và nước', 'mayanhcanon eos 850d.jpg', '2022-06-20 08:36:01', '2022-07-21 13:56:39', NULL),
(133, 142, 8, 52, 'Máy ảnh Canon EOS 200D', 12999000, 12999000, 397, 'Cấu hình mạnh, chất lượng hình ảnh vô cùng đẹp', 0, 'Tránh nhiệt độ cao và nước', 'mayanhcanoneos200d.jpg', '2022-06-20 08:37:17', '2022-09-27 02:18:25', NULL),
(134, 142, 9, 52, 'Máy ảnh Fuijflim instax mini', 9898000, 9898000, 10, 'Nhỏ gọn, tiện lợi bắt trọn mọi khoảnh khắc', 5, 'Tránh nhiệt độ cao và nước', 'mayanhFujifilm instax.jpg', '2022-06-20 08:38:12', '2022-08-01 14:20:22', NULL),
(135, 142, 1, 52, 'Máy in Canon 2018', 7500000, 7500000, 106, 'Mánh in tốt, chất lượng in vô cùng tuyệt', 0, 'Tránh nhiệt độ cao và nước', 'mayincanon2018.jpg', '2022-06-20 08:39:02', '2022-09-27 01:41:23', NULL),
(136, 142, 9, 52, 'Máy in HP', 7990000, 7990000, 207, 'Máy in cấu hình mạnh, chất lượng in tốt ,bảo hành 1 năm', 0, 'Tránh nhiệt độ cao và nước', 'mayinHp.jpg', '2022-06-20 08:39:58', '2022-08-04 07:28:14', NULL),
(137, 142, 1, 52, 'Máy in Canon cao cấp 2022', 2999000, 2999000, 208, 'Máy in nhỏ gọn tiện lợi', 0, 'Tránh nhiệt độ cao và nước', 'mayinmaucanon.jpg', '2022-06-20 08:40:46', '2022-07-20 04:32:52', NULL),
(138, 147, 1, 51, 's', 5653, NULL, 34, 'e', 0, 'e', 'chattayrua.jpg', '2022-07-18 00:45:23', '2022-07-18 01:36:48', '2022-07-18 01:36:48'),
(139, 147, 1, 51, 'cam ha noi', 56536300, NULL, 3, 'cam nfo', 0, 'nhiet do binh thuong', 'dodungdientu.jpg', '2022-07-18 00:49:37', '2022-07-18 01:55:32', '2022-07-18 01:55:32'),
(140, 147, 3, 51, 'cam ha noi', 56536300, NULL, 45, 'cam nfo', 0, 'nhiet do binh thuong', 'dungcuhoctap.jpg', '2022-07-18 00:53:34', '2022-07-18 01:55:25', '2022-07-18 01:55:25'),
(141, 147, 9, 51, 'cam ha noixxx', 56536300, NULL, 34, 'cam nfo', 0, 'nhiet do binh thuong', 'chattayrua.jpg', '2022-07-19 02:50:32', '2022-07-19 02:50:42', '2022-07-19 02:50:42'),
(142, 147, 1, 51, 'cam ha noi', 5653, NULL, 232, 'cam nfo', 5, 'nhiet do binh thuong', 'dodungdientu.jpg', '2022-08-05 03:51:35', '2022-08-05 03:51:49', '2022-08-05 03:51:49'),
(143, 147, 8, 51, 'cam ha noi', 56536300, NULL, 34, 'dfdffd', 5, 'nhiet do binh thuong', 'chattayrua.jpg', '2022-08-05 03:54:31', '2022-08-05 03:57:49', '2022-08-05 03:57:49'),
(144, 147, 3, 51, 'cam ha noixxx', 56536300, NULL, 5, 'cam nfo', 5, 'nhiet do binh thuong', 'dochoi.jpg', '2022-08-05 03:55:19', '2022-08-05 03:57:45', '2022-08-05 03:57:45'),
(145, 147, 1, 51, 'cam ha noi', 84804500, NULL, 78, 'dfdffd', 5, 'nhiet do binh thuong', 'chattayrua.jpg', '2022-08-08 07:28:38', '2022-09-25 02:41:09', '2022-09-25 02:41:09'),
(146, 147, 3, 51, 'cam ha noidsdssss', 73497200, NULL, 33, 'cam nfo', 5, 'nhiet do binh thuong', '941732.jpg', '2022-09-12 03:15:49', '2022-09-25 02:41:14', '2022-09-25 02:41:14'),
(147, 153, 1, 64, 'cam ha noi', 73497200, NULL, 4, 'cam nfo', 5, 'nhiet do binh thuong', '05.png', '2022-10-03 04:47:12', '2022-10-03 04:48:04', '2022-10-03 04:48:04'),
(148, 153, 8, 64, 'cam ha noi', 73497200, 69822300, 55, 'cam nfo', 5, 'nhiet do binh thuong', 'Cam1.jpg', '2022-10-03 04:48:00', '2022-10-03 05:00:09', '2022-10-03 05:00:09'),
(149, 153, 1, 64, 'cam ha noixxx', 73497200, 41158400, 55, 'cam nfo', 5, 'nhiet do binh thuong', 'about-right-dec.png', '2022-10-03 05:11:03', '2022-10-03 05:11:43', NULL);

-- --------------------------------------------------------

--
-- Cấu trúc bảng cho bảng `thongtincanhan`
--

CREATE TABLE `thongtincanhan` (
  `id` bigint(20) UNSIGNED NOT NULL,
  `user_id` bigint(20) UNSIGNED NOT NULL,
  `username` varchar(255) COLLATE utf8mb4_unicode_ci DEFAULT NULL,
  `location` varchar(191) COLLATE utf8mb4_unicode_ci DEFAULT NULL,
  `firstname` varchar(191) COLLATE utf8mb4_unicode_ci DEFAULT NULL,
  `lastname` varchar(191) COLLATE utf8mb4_unicode_ci DEFAULT NULL,
  `email` varchar(265) COLLATE utf8mb4_unicode_ci DEFAULT NULL,
  `phone` varchar(10) COLLATE utf8mb4_unicode_ci DEFAULT NULL,
  `avatar` varchar(191) COLLATE utf8mb4_unicode_ci DEFAULT NULL,
  `avatar_status` tinyint(1) DEFAULT 0,
  `created_at` timestamp NULL DEFAULT NULL,
  `updated_at` timestamp NULL DEFAULT NULL,
  `deleted_at` timestamp NULL DEFAULT NULL
) ENGINE=InnoDB DEFAULT CHARSET=utf8mb4 COLLATE=utf8mb4_unicode_ci;

--
-- Đang đổ dữ liệu cho bảng `thongtincanhan`
--

INSERT INTO `thongtincanhan` (`id`, `user_id`, `username`, `location`, `firstname`, `lastname`, `email`, `phone`, `avatar`, `avatar_status`, `created_at`, `updated_at`, `deleted_at`) VALUES
(45, 51, 'shop quần áo', 'vinh tuy', 'le', 'tam', 'letamxi@gmail.com', '0357524761', 'Aothunhinhgau.jpg', 0, '2022-06-21 07:52:18', '2022-07-18 02:11:24', NULL),
(46, 50, 'tam le', 'vinh tuy gh', 'le', 'tam', 'letamxi87@gmail.com', '0357524762', 'dodungdientu.jpg', 0, '2022-06-21 08:14:54', '2022-07-20 04:35:22', NULL),
(47, 52, 'concacha', 'vinh tuy', 'le', 'tam', 'letamxi87@gmail.com', '0357524761', 'noithat.jpg', 0, '2022-06-21 08:15:23', '2022-06-21 08:15:23', NULL),
(48, 57, 'lala', 'letamxi87@gmail.com', NULL, NULL, 'letamxi87@gmail.com', '0399333354', NULL, 0, '2022-07-20 03:24:35', '2022-07-20 03:24:35', NULL),
(49, 58, 'lale', 'letamxi87@gmail.com', '', '', 'letamxi87@gmail.com', '0357524761', 'dungcuhoctap.jpg', 0, '2022-07-20 03:26:18', '2022-07-20 03:28:20', NULL),
(50, 59, 'tam le', 'letamxi87@gmail.com', '', '', 'letamxi87@gmail.com', '0399333354', 'chattayrua.jpg', 0, '2022-08-03 07:45:16', '2022-08-03 07:45:53', NULL),
(51, 60, 'Lethientam', 'vinh tuy', NULL, NULL, 'letamxi87@gmail.com', '0399333354', NULL, 0, '2022-08-04 07:04:04', '2022-08-04 07:04:04', NULL),
(52, 61, 'tamle', 'letamxi87@gmail.com', '', '', 'letamxi87@gmail.com', '0399333354', NULL, 0, '2022-09-27 01:40:12', '2022-09-27 01:40:53', NULL),
(53, 62, 'tamle', 'letamxi87@gmail.com', '', '', 'letamxi87@gmail.com', '0399333354', NULL, 0, '2022-10-03 03:58:58', '2022-10-03 03:59:24', NULL),
(54, 63, 'tamles', 'letamxi87@gmail.com', NULL, NULL, 'letamxi87@gmail.com', '0399333354', NULL, 0, '2022-10-03 04:05:05', '2022-10-03 04:05:05', NULL),
(55, 64, 'adminss', 'letamxi87@gmail.com', NULL, NULL, 'letamxi87@gmail.com', '0399333354', NULL, 0, '2022-10-03 04:05:46', '2022-10-03 04:05:46', NULL);

-- --------------------------------------------------------

--
-- Cấu trúc bảng cho bảng `tintuc`
--

CREATE TABLE `tintuc` (
  `id` int(10) UNSIGNED NOT NULL,
  `name` varchar(255) NOT NULL,
  `noidung` varchar(1000) NOT NULL,
  `image` varchar(255) NOT NULL,
  `loaitin` varchar(50) CHARACTER SET utf8 NOT NULL,
  `deleted_at` timestamp NULL DEFAULT NULL,
  `created_at` timestamp NULL DEFAULT NULL,
  `updated_at` timestamp NULL DEFAULT NULL
) ENGINE=InnoDB DEFAULT CHARSET=utf8mb4;

--
-- Đang đổ dữ liệu cho bảng `tintuc`
--

INSERT INTO `tintuc` (`id`, `name`, `noidung`, `image`, `loaitin`, `deleted_at`, `created_at`, `updated_at`) VALUES
(20, 'Khuyến mãi nhân dịp Tết Nguyên đán', 'Tết Nguyên đán đến gần khiến nhu cầu về thực phẩm của                                 người dân ngày một tăng cao. Hiện nay nhiều sản phẩm không bảo đảm an toàn thực phẩm                                 (ATTP),                                 không                                 rõ nguồn gốc, không đúng quy định về ghi nhãn hoặc có các vi phạm khác lưu đã và đang trôi nổi trên thị trường làm gia tăng nguy cơ mất ATTP, đe dọa tới sức khỏe của người dân.', '20200112_112744.jpg', 'Tết Nguyên đán đến gần khiến nhu cầu về thực phẩm ', '2022-05-22 00:00:02', '2022-05-19 23:41:07', '2022-05-22 00:00:02'),
(21, 'Trẻ mắc tay chân miệng ở TP HCM tăng gấp ba', 'Trung tâm Kiểm soát Bệnh tật TP HCM (HCDC) ghi nhận 628 ca tay chân miệng trong tuần qua, tăng gần gấp ba lần so với trung bình một tháng trước.\r\n\r\nBốn tháng đầu năm, thành phố ghi nhận gần 1.600 trường hợp mắc bệnh tay chân miệng với 96% trẻ bệnh ở độ tuổi 1-5. Số ca tăng ở cả trường hợp nhập viện điều trị nội trú và khám ngoại trú.', 'tcm.jpg', 'Trẻ mắc tay chân miệng ở TP HCM tăng gấp ba', '2022-05-22 00:04:23', '2022-05-21 04:11:56', '2022-05-22 00:04:23'),
(22, '“Trúng” hàng “dỏm” khi mua thực phẩm chức năng qua livestream', 'Đủ chiêu trò quảng cáo “thổi phồng”\r\n\r\nHình thức livestream tỏ ra có nhiều ưu điểm đối với “dân bán hàng” khi kích thích người mua “móc hầu bao” tốt hơn hẳn so nhiều phương thức bán hàng online khác. Livestream rõ tính giải trí và tạo sự tương tác cao giữa người bán hàng và khách hàng.', 'hangdom.png', ' Giải trí', '2022-05-22 00:04:28', '2022-05-20 22:00:36', '2022-05-22 00:04:28'),
(23, 'Băng dính ăn được dùng để dán thực phẩm', 'Nhóm sinh viên tại Trường Kỹ thuật Whiting thuộc Đại học Johns Hopkins ở Baltimore, bang Maryland, phát triển Tastee Tape - một loại băng dính ăn được lấy cảm hứng từ chính trải nghiệm của họ trong các bữa trưa, Newsweek hôm 18/5 đưa tin.\r\n\r\nBăng dính gồm khung sợi thực phẩm và chất kết dính hữu cơ, đảm bảo phần nhân trong món các món cuốn không rơi vãi khi nấu và ăn. Nó có thể dán vào bất cứ thực phẩm nào, bao gồm bánh tortilla, bánh taco hay gyros.', 'bầng.png', ' Giải trí', '2022-05-21 23:59:50', '2022-05-20 07:36:10', '2022-05-21 23:59:50'),
(24, 'Cá hồi tăng giá kỷ lục\r\n', 'Giá cá hồi Na Uy loại phi lê bán lẻ đã tăng gấp rưỡi từ đầu năm, hiện gần 800.000 đồng một kg - cao nhất từ trước tới nay.\r\n\r\n\"Cơn bão\" tăng giá từ năng lượng, phân bón, ngũ cốc tới thực phẩm đang diễn ra trên toàn cầu và Việt Nam cũng không đứng ngoài cuộc. Từ đầu năm đến nay, không chỉ giá xăng dầu, gas, sắt, thép, phân bón... liên tục lập đỉnh mới, giá thực phẩm như dầu ăn, lúa mì cũng tăng cao. Đặc biệt, trong nhóm thực phẩm - cá hồi, một sản phẩm thuộc phân khúc trung và cao cấp đã và đang tăng mạnh nhất trong 5 tháng đầu năm nay.', 'cahoi.png', ' Giải trí', '2022-05-22 00:04:32', '2022-05-20 07:35:58', '2022-05-22 00:04:32'),
(25, 'Những khu chợ đêm châu Á \'nổi tiếng và quyến rũ\'', 'Barbara Woolsey, một phóng viên tự do mảng du lịch và ẩm thực từ Canada, tác giả của cẩm nang nổi tiếng Lonely Planet, gợi ý du khách các khu chợ đêm mà cô đánh giá \"nổi tiếng và quyến rũ nhất\" châu Á. Đây là những nơi mà theo cô nên ghé thăm, nhất là khi các nước đã mở cửa đón khách du lịch.\r\n\r\nTheo Barbara, các khu chợ đêm ở Việt Nam luôn rực rỡ sắc màu, gây ấn tượng với những các lều nhỏ có mái che, người bán hàng luôn chân tay bên các quầy hàng bán đồ ăn nhẹ, quần áo và trang sức.\r\n\"Nhiều chợ đêm được hình thành từ những con phố đi bộ hoặc nằm trong các con phố lịch sử. Nổi tiếng nhất là chợ đêm trong phố cổ Hà Nội. Nhưng các chợ đêm ở Nha Trang, Hội An, Phú Quốc (ảnh) mang lại cho bạn cảm giác vui thích vì mang đến hương vị của biển\", nữ du khách chia sẻ', 'chodem.png', ' Giải trí', '2022-05-22 00:04:36', '2022-05-20 02:02:54', '2022-05-22 00:04:36'),
(26, 'Ám ảnh với \'ăn sạch\'\r\n', 'Với một số người, việc ăn uống lành mạnh với thực phẩm sạch là nỗi ám ảnh, phát triển thành chứng rối loạn, còn gọi là orthorexia.\r\n\r\nAlex Everakes, 25 tuổi, giám đốc phòng quan hệ công chúng tại Chicago, từng vật lộn để điều chỉnh cân nặng khi còn ở độ tuổi thiếu niên.\r\n\r\nAnh cố gắng ăn kiêng khi đã trưởng thành, tăng giảm liên tục 45kg. Khi chuyển đến Los Angele sau đại học, anh bắt đầu tập thể dục hai lần một ngày. Có thời điểm, Everakes chỉ ăn 10 loại thực phẩm là rau bina, thịt gà, lòng trắng trứng, ớt đỏ, bí, măng tây, cá hồi, quả mọng, sữa hạnh nhân không đường và bơ hạnh nhân.', 'ansach.png', ' Giải trí', '2022-05-22 00:04:46', '2022-05-20 07:34:51', '2022-05-22 00:04:46'),
(27, 'Top 10 thực phẩm giàu kẽm bạn nên ăn để tăng cường miễn dịch', 'Cung cấp đủ kẽm cho cơ thể giúp cải thiện hệ thống miễn dịch và chữa lành vết thương. Cách bổ sung kẽm an toàn và hiệu quả nhất là thông qua chế độ ăn uống. Dưới đây là 10 thực phẩm giàu kẽm bạn nên bổ sung trong bữa ăn hàng ngày.', 'kem.png', ' Giải trí', '2022-05-22 00:02:19', '2022-05-20 02:02:58', '2022-05-22 00:02:19'),
(28, 'Chi cục trưởng Chi cục An toàn vệ sinh thực phẩm Hà Nội Đặng Thanh Phong: Không nương tay với vi phạm', '(HNM) - Tháng hành động vì An toàn thực phẩm năm 2022 (diễn ra từ ngày 15-4 đến 15-5), có chủ đề “Tiếp tục nâng cao vai trò, trách nhiệm của người sản xuất, kinh doanh và tiêu dùng nông sản thực phẩm trong tình hình mới”. Phóng viên Báo Hànộimới đã có cuộc trao đổi với Chi cục trưởng Chi cục An toàn vệ sinh thực phẩm Hà Nội (Sở Y tế Hà Nội) Đặng Thanh Phong về những mục tiêu và nội dung mà thành phố triển khai trong thời gian này, trong đó khẳng định kiên quyết không nương tay với vi phạm nhằm tăng cường hiệu quả quản lý an toàn thực phẩm.', 'attp.png', ' Giải trí', '2022-05-22 00:00:14', '2022-05-20 07:34:20', '2022-05-22 00:00:14'),
(29, 'Trước Ấn Độ, một loạt quốc gia đã cấm xuất khẩu thực phẩm', 'Theo kênh CNBC, cuộc chiến ở Ukraine đã khiến giá lúa mì tăng vọt vì Nga và Ukraine là hai trong số các nước xuất khẩu mặt hàng này lớn nhất thế giới. Theo Ngân hàng Thế giới, cả hai quốc gia này chiếm 29% tổng lượng lúa mì xuất khẩu toàn cầu.\r\n\r\nGiá lúa mì tăng khoảng 6% vào ngày 16/5 sau thông báo vào cuối tuần của Ấn Độ.\r\n\r\nViện Kinh tế Quốc tế Peterson (PIIE) ở Mỹ nhận định hồi tháng 4: “Khi giá lương thực đã cao do gián đoạn chuỗi cung ứng liên quan đến dịch COVID-19 và sản lượng giảm do hạn hán vào năm ngoái, cuộc chiến ở Ukraine diễn ra vào thời điểm tồi tệ đối với thị trường lương thực toàn cầu”.', 'ando.png', ' Giải trí', '2022-05-20 07:34:12', NULL, '2022-05-20 07:34:12'),
(30, 'Những thực phẩm chống viêm tốt nhất nên ăn thường xuyên', 'Nhiều loại thực phẩm quen thuộc rất giàu chất chống oxy hóa, giúp chống lại chứng viêm mạn tính.\r\nMới đây, trang tin Insider dẫn thông tin từ tiến sĩ Andrea McGrew - chuyên gia dinh dưỡng đang làm việc tại bang Missouri, Mỹ - cho hay chứng viêm mạn tính có liên quan đến các bệnh nghiêm trọng như tim mạch hay viêm khớp. Do đó, mọi người nên ăn nhiều thực phẩm có chứa chất chống viêm tự nhiên để cơ thể luôn khỏe mạnh.', 'suckhoe.png', ' Giải trí', '2022-05-20 07:34:45', NULL, '2022-05-20 07:34:45'),
(43, 'FDFFF', 'TRTRTRRT', 'Screenshot (123).png', 'RTRTRTTR', '2022-05-21 23:59:56', '2022-05-21 23:47:50', '2022-05-21 23:59:56'),
(44, 'Thế khó trong đại dịch của ngành bán lẻ', 'Tâm lý tích trữ của người dân giúp doanh thu khả quan trong ngắn hạn nhưng không hẳn đã là tín hiệu tích cực với ngành bán lẻ lúc nà', 'new1.jpg', 'Đời sống khoa học', '2022-06-18 01:41:29', '2022-05-22 00:31:53', '2022-06-18 01:41:29'),
(45, 'Bách hóa Xanh hỗ trợ bà con miền Tây tiêu thụ nông sản', 'Hàng trăm tấn nông sản từ Đồng Tháp, Long An... nhập về Bách hóa Xanh nhằm phục vụ nhu cầu của người dân TP HCM khi giãn cách kéo dài.', 'news2.jpg', 'Đời sống khoa học', '2022-06-18 01:41:37', '2022-05-22 00:37:04', '2022-06-18 01:41:37'),
(46, 'Bách hóa Xanh hứa sẽ không tăng giá bất hợp lý', 'Lãnh đạo Bách Hóa Xanh nói không có chủ trương đẩy giá bán để tăng lợi nhuận, mà ngược lại, đang nỗ lực kiểm soát giá khi hàng hóa khan hiếm', 'hotnews2.jpg', 'Thời sự', NULL, '2022-05-22 00:37:51', '2022-05-22 00:37:51'),
(47, 'Chuỗi bán lẻ quá tải khi đơn hàng online tăng mạnh', 'Các chuỗi bán lẻ quá tải, giao hàng chậm hơn dự kiến khi người dân TP Cần Thơ tăng cường đặt nhu yếu phẩm trực tuyến vì thế chuổi bán lẻ vô cùng thu hút khách hàng', 'news4.jpg', 'Đời sống', NULL, '2022-05-22 00:38:29', '2022-05-22 00:38:29'),
(48, 'ĐĂNG KÝ THÀNH VIÊN NHẬN NGÀN ƯU ĐÃI', 'Công ty TNMTV hân hạnh mang đến chương trình \"Đăng Ký Thành Viên\" với nhiều ưu đãi độc đáo. Member Card – thẻ thành viên dành cho tất cả khách hàng đăng kí tài khoản và phát sinh đơn hàng.', 'neww.jpg', 'Khuyễn mãi', NULL, '2022-05-22 00:38:59', '2022-05-22 00:38:59'),
(49, 'TUYỂN GIÁM SÁT CHUỖI CỬA HÀNG TIỆN LỢI', 'Tuyển Giám Sát chuỗi cửa hàng: - tại khu vực TP Hải Phòng & các tỉnh lân cận - Số lượng: 01 MÔ TẢ: Giám sát hoạt động kinh doanh các cửa hàng; Kiểm tra lịch làm việc của các cửa hàng.', 'news6.jpg', 'Tuyển dụng', '2022-06-18 01:41:53', '2022-05-22 00:40:26', '2022-06-18 01:41:53'),
(50, 'KHAI TRƯƠNG HÂN HOAN - ƯU ĐÃI NGẬP TRÀN', 'Khai trương hân hoan - ưu đãi ngập tràn🥰🌈 Thêm một ngôi nhà mới của Siêu thị tiện lợi được khai trương. ', 'hotnews1.jpg', 'Khai trương cửa hàng', '2022-06-18 01:41:50', '2022-05-22 00:41:03', '2022-06-18 01:41:50'),
(51, 'Giảm Giá Mừng Giáng Sinh - Tưng Bừng Đón Năm Mới ', 'Từ ngày 10/12 - 31/12/2021, Bách hóa XANH với chương trình Giảm Giá Mừng Giáng Sinh - Tưng Bừng Đón Năm Mới giảm giá đến 50%', 'tintuc6.jpg', 'Khuyến mãi ', '2022-06-18 01:41:43', '2022-05-22 00:41:45', '2022-06-18 01:41:43'),
(52, 'Thực phẩm ngon, tha hồ chọn, giảm đến 40%', 'Từ 15/12 - 31/12/2021, giảm đến 40% một số mặt hàng thực phẩm ngon trên BachhoaXANH.com cho bạn tha hồ chọn, cùng tham gia ngay nhé', 'tintuc1.jpg', 'Khuyến mãi', '2022-05-22 07:31:20', '2022-05-22 00:42:16', '2022-05-22 07:31:20'),
(53, 'Hóa đơn 29k tặng 1 lon nước tăng lực Predator lon 330mlh', 'Từ ngày 16/12 - 31/12/2021 với hoá đơn 29.000 đồng tại Bách hoá XANH, khách hàng được tặng 1 lon nước tăng lực Predator lon 330ml', 'tintuc2.jpg', 'Khuyến mãi', '2022-05-22 07:31:02', '2022-05-22 00:42:45', '2022-05-22 07:31:02');

-- --------------------------------------------------------

--
-- Cấu trúc bảng cho bảng `trahang`
--

CREATE TABLE `trahang` (
  `id_trahang` int(11) NOT NULL,
  `id_hoadon` int(11) NOT NULL,
  `hinhanh` varchar(255) NOT NULL,
  `lido` varchar(2000) NOT NULL,
  `deleted_at` timestamp NULL DEFAULT NULL,
  `updated_at` timestamp NULL DEFAULT NULL,
  `created_at` timestamp NULL DEFAULT NULL
) ENGINE=InnoDB DEFAULT CHARSET=utf8mb4;

--
-- Đang đổ dữ liệu cho bảng `trahang`
--

INSERT INTO `trahang` (`id_trahang`, `id_hoadon`, `hinhanh`, `lido`, `deleted_at`, `updated_at`, `created_at`) VALUES
(1, 332, 'daydep.jpg', 'dffđf', NULL, '2022-08-08 12:21:22', '2022-08-08 12:21:22'),
(2, 276, 'daydep.jpg', '555', NULL, '2022-08-08 12:22:38', '2022-08-08 12:22:38'),
(3, 265, 'dodungdientu.jpg', 'dffđf', NULL, '2022-08-08 12:24:59', '2022-08-08 12:24:59'),
(4, 281, 'dodungbep.jpg', 'dffđf', NULL, '2022-08-08 12:32:39', '2022-08-08 12:32:39'),
(5, 263, 'dodungdientu.jpg', 'dffđf', NULL, '2022-08-09 10:39:06', '2022-08-09 10:39:06'),
(6, 259, 'somidongian.jpg', 'Thieu do', NULL, '2022-08-10 14:15:10', '2022-08-10 14:15:10');

-- --------------------------------------------------------

--
-- Cấu trúc bảng cho bảng `trangthaidonhang`
--

CREATE TABLE `trangthaidonhang` (
  `id_trangthai` int(11) NOT NULL,
  `name` varchar(255) NOT NULL,
  `created_at` timestamp NULL DEFAULT NULL,
  `deleted_at` timestamp NULL DEFAULT NULL,
  `updated_at` timestamp NULL DEFAULT NULL
) ENGINE=InnoDB DEFAULT CHARSET=utf8mb4;

--
-- Đang đổ dữ liệu cho bảng `trangthaidonhang`
--

INSERT INTO `trangthaidonhang` (`id_trangthai`, `name`, `created_at`, `deleted_at`, `updated_at`) VALUES
(1, 'Chờ xác nhận\r\n', NULL, NULL, NULL),
(2, 'Chờ lấy hàng', NULL, NULL, NULL),
(3, 'Đang giao', NULL, NULL, NULL),
(4, 'Đã nhận', NULL, NULL, NULL),
(5, 'Trả hàng', NULL, NULL, NULL),
(6, 'Chấp nhận trả', NULL, NULL, NULL);

-- --------------------------------------------------------

--
-- Cấu trúc bảng cho bảng `trangthaitaikhoan`
--

CREATE TABLE `trangthaitaikhoan` (
  `id_trangthaitk` int(11) NOT NULL,
  `ten_tranthaitk` varchar(255) NOT NULL,
  `updated_at` timestamp NULL DEFAULT NULL,
  `created_at` timestamp NULL DEFAULT NULL,
  `deleted_at` timestamp NULL DEFAULT NULL
) ENGINE=InnoDB DEFAULT CHARSET=utf8mb4;

--
-- Đang đổ dữ liệu cho bảng `trangthaitaikhoan`
--

INSERT INTO `trangthaitaikhoan` (`id_trangthaitk`, `ten_tranthaitk`, `updated_at`, `created_at`, `deleted_at`) VALUES
(1, 'Hoạt động', NULL, NULL, NULL),
(2, 'Tạm khóa', NULL, NULL, NULL),
(3, 'Đã xóa', NULL, NULL, NULL);

-- --------------------------------------------------------

--
-- Cấu trúc bảng cho bảng `trochuyen`
--

CREATE TABLE `trochuyen` (
  `id_chat` int(11) NOT NULL,
  `id_nguoigui` bigint(20) UNSIGNED NOT NULL,
  `id_nguoinhan` bigint(20) UNSIGNED NOT NULL,
  `noidung` varchar(1000) NOT NULL,
  `trangthai` int(11) DEFAULT 0,
  `created_at` timestamp NULL DEFAULT NULL,
  `deleted_at` timestamp NULL DEFAULT NULL,
  `updated_at` timestamp NULL DEFAULT NULL
) ENGINE=InnoDB DEFAULT CHARSET=utf8mb4;

--
-- Đang đổ dữ liệu cho bảng `trochuyen`
--

INSERT INTO `trochuyen` (`id_chat`, `id_nguoigui`, `id_nguoinhan`, `noidung`, `trangthai`, `created_at`, `deleted_at`, `updated_at`) VALUES
(1, 50, 51, 'vvvv', 1, '2022-06-21 05:12:15', NULL, '2022-06-21 05:12:15'),
(2, 50, 51, 'jskjssksksl', 1, '2022-06-21 05:12:18', NULL, '2022-06-22 02:21:41'),
(4, 50, 51, 'jskjssksksl', 1, '2022-06-21 05:20:23', NULL, '2022-06-22 02:21:41'),
(5, 50, 51, 'chu nhat len gia kinh hoang', 1, '2022-06-21 06:10:34', NULL, '2022-06-22 02:21:41'),
(6, 50, 51, 'chu nhat len gia kinh hoang', 1, '2022-06-21 06:11:36', NULL, '2022-06-22 02:21:41'),
(7, 50, 51, 'sdskdsks', 1, '2022-06-21 06:11:40', NULL, '2022-06-22 02:21:41'),
(8, 50, 51, 'chu nhat len gia kinh hoang', 1, '2022-06-21 06:11:44', NULL, '2022-06-22 02:21:41'),
(9, 50, 51, 'chu nhat len gia kinh hoang', 1, '2022-06-21 06:12:53', NULL, '2022-06-22 02:21:41'),
(10, 50, 51, 'chu nhat len gia kinh hoang', 1, '2022-06-21 06:13:04', NULL, '2022-06-22 02:21:41'),
(11, 50, 51, 'ffff', 1, '2022-06-21 06:13:13', NULL, '2022-06-22 02:21:41'),
(12, 50, 51, 'ffff', 1, '2022-06-21 06:53:01', NULL, '2022-06-22 02:21:41'),
(13, 50, 51, 'skks', 1, '2022-06-21 06:53:16', NULL, '2022-06-22 02:21:41'),
(14, 50, 51, 'sjjs', 1, '2022-06-21 06:53:18', NULL, '2022-06-22 02:21:41'),
(15, 50, 51, 'sjjsjs', 1, '2022-06-21 06:53:22', NULL, '2022-06-22 02:21:41'),
(16, 50, 51, 'jsjsjs', 1, '2022-06-21 06:53:26', NULL, '2022-06-22 02:21:41'),
(17, 50, 51, 'sjjs', 1, '2022-06-21 06:53:29', NULL, '2022-06-22 02:21:41'),
(18, 50, 51, 'sss', 1, '2022-06-21 06:53:33', NULL, '2022-06-22 02:21:41'),
(19, 51, 50, 'heloo tamle', 1, '2022-06-21 07:05:48', NULL, '2022-06-22 01:41:46'),
(20, 50, 51, 'sss', 1, '2022-06-21 07:05:53', NULL, '2022-06-22 02:21:41'),
(21, 50, 51, 'chao shop', 1, '2022-06-21 07:06:05', NULL, '2022-06-22 02:21:41'),
(22, 51, 50, 'heloo tamle', 1, '2022-06-21 07:06:13', NULL, '2022-06-22 01:41:46'),
(23, 51, 50, 'e muon mua j ha', 1, '2022-06-21 07:06:32', NULL, '2022-06-22 01:41:46'),
(24, 50, 51, 'chao shop', 1, '2022-06-21 07:06:46', NULL, '2022-06-22 02:21:41'),
(25, 50, 51, 'chao shop', 1, '2022-06-21 07:08:17', NULL, '2022-06-22 02:21:41'),
(26, 50, 51, 'chao shop', 1, '2022-06-21 07:08:20', NULL, '2022-06-22 02:21:41'),
(27, 51, 50, 'e muon mua j ha', 1, '2022-06-21 07:08:43', NULL, '2022-06-22 01:41:46'),
(28, 50, 51, 'em muon mua áo ạ', 1, '2022-06-21 07:10:02', NULL, '2022-06-22 02:21:41'),
(29, 51, 50, 'e muon mua j ha', 1, '2022-06-21 07:10:08', NULL, '2022-06-22 01:41:46'),
(30, 51, 50, 'e muon mua j ha', 1, '2022-06-21 07:10:12', NULL, '2022-06-22 01:41:46'),
(31, 50, 51, 'mà hk bt sai', 1, '2022-06-21 07:10:59', NULL, '2022-06-22 02:21:41'),
(32, 51, 50, 'à dẻ tu van co', 1, '2022-06-21 07:11:12', NULL, '2022-06-22 01:41:46'),
(33, 50, 51, 'em 40kg', 1, '2022-06-21 07:12:31', NULL, '2022-06-22 02:21:41'),
(34, 50, 51, 'em 40kg', 1, '2022-06-21 07:12:34', NULL, '2022-06-22 02:21:41'),
(35, 50, 51, 'em 40kg', 1, '2022-06-21 07:15:51', NULL, '2022-06-22 02:21:41'),
(36, 50, 51, 'em 40kg', 1, '2022-06-21 07:15:53', NULL, '2022-06-22 02:21:41'),
(37, 50, 51, 'em 40kg', 1, '2022-06-21 07:16:03', NULL, '2022-06-22 02:21:41'),
(38, 50, 51, 'em 40kg', 1, '2022-06-21 07:16:05', NULL, '2022-06-22 02:21:41'),
(39, 50, 51, 'em 40kg', 1, '2022-06-21 07:16:06', NULL, '2022-06-22 02:21:41'),
(40, 50, 51, 'em 40kg', 1, '2022-06-21 07:18:33', NULL, '2022-06-22 02:21:41'),
(41, 50, 51, 'em 40kg', 1, '2022-06-21 07:18:34', NULL, '2022-06-22 02:21:41'),
(42, 50, 51, 'em 40kg', 1, '2022-06-21 07:18:35', NULL, '2022-06-22 02:21:41'),
(43, 51, 50, 'em cao nhu', 1, '2022-06-21 07:22:39', NULL, '2022-06-22 01:41:46'),
(44, 50, 51, 'sakjksksa', 1, '2022-06-21 07:27:07', NULL, '2022-06-22 02:21:41'),
(45, 52, 51, 'helo', 1, '2022-06-21 07:35:42', NULL, '2022-06-21 20:08:50'),
(46, 50, 51, 'he', 1, '2022-06-21 07:37:27', NULL, '2022-06-22 02:21:41'),
(47, 52, 51, 'sakjksksa', 1, '2022-06-21 07:38:39', NULL, '2022-06-21 20:08:50'),
(48, 50, 51, 'em cao 2m', 1, '2022-06-21 07:43:18', NULL, '2022-06-22 02:21:41'),
(49, 52, 51, 'em muon mua hang', 1, '2022-06-21 07:43:28', NULL, '2022-06-21 20:08:50'),
(50, 51, 50, 'ok em', 1, '2022-06-21 07:43:42', NULL, '2022-06-22 01:41:46'),
(51, 51, 50, 'em size xxxll', 1, '2022-06-21 07:43:51', NULL, '2022-06-22 01:41:46'),
(52, 51, 52, 'e muon mua j har', 1, '2022-06-21 07:44:01', NULL, '2022-06-21 20:08:36'),
(53, 51, 50, 'dsdsds', 1, '2022-06-21 08:06:26', NULL, '2022-06-22 01:41:46'),
(54, 51, 50, 'heloo tamle sg', 1, '2022-06-21 08:07:16', NULL, '2022-06-22 01:41:46'),
(55, 50, 51, 'hi chi', 1, '2022-06-21 08:08:24', NULL, '2022-06-22 02:21:41'),
(56, 50, 51, 'chu nhat len gia kinh hoanga', 1, '2022-06-21 08:11:17', NULL, '2022-06-22 02:21:41'),
(57, 50, 51, 'ge qus ', 1, '2022-06-21 08:11:27', NULL, '2022-06-22 02:21:41'),
(58, 51, 50, 'em cao nhu cho', 1, '2022-06-21 08:12:47', NULL, '2022-06-22 01:41:46'),
(59, 51, 52, 'hello em', 1, '2022-06-21 09:38:44', NULL, '2022-06-21 09:38:44'),
(60, 53, 51, 'em cao nhu', 1, '2022-06-21 09:50:09', NULL, '2022-06-21 20:08:05'),
(61, 51, 53, 'nhu gi em', 0, '2022-06-21 09:50:34', NULL, '2022-06-21 09:50:34'),
(62, 51, 53, 'chet em gio', 0, '2022-06-21 09:50:41', NULL, '2022-06-21 09:50:41'),
(63, 53, 51, 'dù', 1, '2022-06-21 09:51:01', NULL, '2022-06-21 20:08:05'),
(64, 51, 52, 'hello cchi gai', 1, '2022-06-21 20:09:01', NULL, '2022-06-21 20:09:22'),
(65, 51, 52, 'muon mua gi nà', 1, '2022-06-21 20:09:11', NULL, '2022-06-21 20:09:22'),
(66, 52, 51, 'mua chi duoc hong', 1, '2022-06-21 20:09:28', NULL, '2022-06-21 20:09:45'),
(67, 52, 51, 'heheeh', 1, '2022-06-21 20:09:33', NULL, '2022-06-21 20:09:45'),
(68, 51, 52, 'ok em', 1, '2022-06-21 20:09:48', NULL, '2022-06-21 20:10:43'),
(69, 52, 51, 'vay nao lấy hang', 1, '2022-06-21 20:11:03', NULL, '2022-06-21 20:17:29'),
(70, 51, 52, 'hi', 1, '2022-06-21 20:22:00', NULL, '2022-06-22 05:45:01'),
(71, 51, 52, 'hekkk', 1, '2022-06-22 01:27:30', NULL, '2022-06-22 05:45:01'),
(72, 50, 51, 'helo', 1, '2022-06-22 02:30:49', NULL, '2022-06-22 02:54:52'),
(73, 50, 51, 'hee', 1, '2022-06-22 02:32:32', NULL, '2022-06-22 02:54:52'),
(76, 52, 50, 'Xin chào TAMLE Chúng tôi có thể giúp gì cho bạn', 1, '2022-06-22 02:44:30', NULL, '2022-06-22 02:44:30'),
(78, 51, 50, 'heloo', 1, '2022-06-22 02:54:58', NULL, '2022-06-22 02:55:22'),
(79, 51, 50, 'chao em be', 1, '2022-06-22 03:21:53', NULL, '2022-06-22 03:22:00'),
(80, 50, 51, 'hả chị', 1, '2022-06-22 03:22:06', NULL, '2022-06-22 03:22:09'),
(81, 51, 50, 'hk gi em', 1, '2022-06-22 03:22:31', NULL, '2022-06-22 03:26:04'),
(82, 50, 51, 'helochij', 1, '2022-06-22 03:26:04', NULL, '2022-06-22 03:26:09'),
(83, 51, 50, 'ua em', 1, '2022-06-22 03:26:15', NULL, '2022-06-22 03:26:22'),
(85, 51, 50, 'helele', 1, '2022-06-22 03:36:42', NULL, '2022-06-22 03:36:49'),
(86, 50, 51, 'helllllll', 1, '2022-06-22 04:20:27', NULL, '2022-06-22 04:20:34'),
(89, 51, 50, 'hello', 1, '2022-06-22 04:36:11', NULL, '2022-06-22 04:36:26'),
(90, 50, 51, 'sao chi', 1, '2022-06-22 04:36:31', NULL, '2022-06-22 04:36:34'),
(91, 50, 51, 'muon gi', 1, '2022-06-22 04:36:44', NULL, '2022-06-22 04:36:47'),
(92, 50, 51, 'hello', 1, '2022-06-22 04:43:24', NULL, '2022-06-22 04:43:32'),
(93, 51, 50, 'gì em', 1, '2022-06-22 04:43:37', NULL, '2022-06-22 04:43:55'),
(94, 50, 51, 'kdkdlldf f fjdfjff ddidfd fjdjd uewub ejeje ejee jewd ewneej hwejwj hewjewnew ewjewje jwjwjw kwjw', 1, '2022-06-22 04:47:08', NULL, '2022-06-22 05:11:13'),
(95, 50, 51, 'chak', 1, '2022-06-22 05:00:30', NULL, '2022-06-22 05:11:13'),
(96, 51, 50, 'hsr', 1, '2022-06-22 05:11:17', NULL, '2022-06-22 05:11:20'),
(97, 50, 52, 'djdjdjd', 1, '2022-06-22 11:42:57', NULL, '2022-07-17 02:55:12'),
(98, 52, 53, 'Xin chào concame Chúng tôi có thể giúp gì cho bạn', 1, '2022-06-23 08:08:24', NULL, '2022-06-23 08:08:24'),
(99, 51, 54, 'Xin chào congacon Chúng tôi có thể giúp gì cho bạn', 1, '2022-06-24 04:25:45', NULL, '2022-06-24 04:25:45'),
(100, 54, 51, 'jdsjdkd', 1, '2022-06-24 04:26:09', NULL, '2022-07-01 07:03:06'),
(101, 54, 51, 'dskdsk', 1, '2022-06-24 04:26:26', NULL, '2022-07-01 07:03:06'),
(102, 54, 51, 'hello', 1, '2022-06-24 04:26:33', NULL, '2022-07-01 07:03:06'),
(103, 51, 54, 'qq', 0, '2022-07-01 07:03:12', NULL, '2022-07-01 07:03:12'),
(104, 50, 52, 'ư;le;ư', 0, '2022-07-18 02:24:36', NULL, '2022-07-18 02:24:36'),
(105, 51, 59, 'Xin chào lttam Chúng tôi có thể giúp gì cho bạn ?', 1, '2022-08-03 07:51:38', NULL, '2022-08-03 07:51:38'),
(106, 52, 59, 'Xin chào lttam. Chúng tôi có thể giúp gì cho bạn ?', 1, '2022-08-03 07:52:43', NULL, '2022-08-03 07:52:43'),
(107, 51, 60, 'Xin chào Lethientam. Chúng tôi có thể giúp gì cho bạn ?', 1, '2022-08-04 07:06:23', NULL, '2022-08-04 07:06:23'),
(108, 60, 51, 'hello', 1, '2022-08-04 07:06:28', NULL, '2022-08-04 07:06:34'),
(109, 51, 60, 'hello', 1, '2022-08-04 07:06:38', NULL, '2022-08-04 07:06:40'),
(110, 51, 61, 'Xin chào b1909982. Chúng tôi có thể giúp gì cho bạn ?', 1, '2022-09-27 01:42:03', NULL, '2022-09-27 01:42:03'),
(111, 61, 51, 'hi', 1, '2022-09-27 01:42:09', NULL, '2022-09-27 01:42:54'),
(112, 51, 61, 'hi ban', 1, '2022-09-27 01:42:59', NULL, '2022-09-27 01:43:03'),
(113, 61, 51, 'toi muon mua quan ao', 1, '2022-09-27 01:43:13', NULL, '2022-09-27 01:43:15'),
(114, 51, 61, 'ban thich loaij nao', 1, '2022-09-27 01:43:23', NULL, '2022-09-27 01:43:25'),
(115, 52, 61, 'Xin chào b1909982. Chúng tôi có thể giúp gì cho bạn ?', 1, '2022-09-27 01:43:43', NULL, '2022-09-27 01:43:43'),
(116, 61, 52, 'hi', 1, '2022-09-27 01:43:49', NULL, '2022-09-27 01:44:15'),
(117, 52, 61, 'hi ban', 0, '2022-09-27 01:44:20', NULL, '2022-09-27 01:44:20');

--
-- Chỉ mục cho các bảng đã đổ
--

--
-- Chỉ mục cho bảng `binhluan`
--
ALTER TABLE `binhluan`
  ADD PRIMARY KEY (`ID`),
  ADD KEY `id_sanpham` (`id_sanpham`),
  ADD KEY `id_nguoidung` (`id_nguoidung`);

--
-- Chỉ mục cho bảng `danhgia`
--
ALTER TABLE `danhgia`
  ADD PRIMARY KEY (`id_danhgia`),
  ADD KEY `id_sanpham` (`id_sanpham`);

--
-- Chỉ mục cho bảng `hoadonbanhang`
--
ALTER TABLE `hoadonbanhang`
  ADD PRIMARY KEY (`ID`),
  ADD KEY `id_sanpham` (`id_sanpham`),
  ADD KEY `id_nguoidung` (`id_nguoidung`),
  ADD KEY `id_trangthai` (`id_trangthai`),
  ADD KEY `id_cuahang` (`id_cuahang`);

--
-- Chỉ mục cho bảng `hoadonnhaphang`
--
ALTER TABLE `hoadonnhaphang`
  ADD PRIMARY KEY (`id_nhaphang`),
  ADD KEY `id_sanpham` (`id_sanpham`);

--
-- Chỉ mục cho bảng `khuyenmai`
--
ALTER TABLE `khuyenmai`
  ADD PRIMARY KEY (`id`),
  ADD KEY `id_sanpham` (`id_sanpham`);

--
-- Chỉ mục cho bảng `loaisanpham`
--
ALTER TABLE `loaisanpham`
  ADD PRIMARY KEY (`id`);

--
-- Chỉ mục cho bảng `nguoidung`
--
ALTER TABLE `nguoidung`
  ADD PRIMARY KEY (`id_nguoidung`),
  ADD KEY `ID_quyen` (`ID_quyen`),
  ADD KEY `id_loaihang` (`id_loaihang`),
  ADD KEY `TrangthaiTK` (`TrangthaiTK`);

--
-- Chỉ mục cho bảng `noisanxuat`
--
ALTER TABLE `noisanxuat`
  ADD PRIMARY KEY (`id`);

--
-- Chỉ mục cho bảng `quyen`
--
ALTER TABLE `quyen`
  ADD PRIMARY KEY (`ID_quyen`);

--
-- Chỉ mục cho bảng `sanpham`
--
ALTER TABLE `sanpham`
  ADD PRIMARY KEY (`id`),
  ADD KEY `id_loai` (`id_loai`),
  ADD KEY `id_nsx` (`id_nsx`),
  ADD KEY `id_cuahang` (`id_cuahang`);

--
-- Chỉ mục cho bảng `thongtincanhan`
--
ALTER TABLE `thongtincanhan`
  ADD PRIMARY KEY (`id`),
  ADD KEY `user_id` (`user_id`);

--
-- Chỉ mục cho bảng `tintuc`
--
ALTER TABLE `tintuc`
  ADD PRIMARY KEY (`id`);

--
-- Chỉ mục cho bảng `trahang`
--
ALTER TABLE `trahang`
  ADD PRIMARY KEY (`id_trahang`),
  ADD KEY `id_hoadon` (`id_hoadon`);

--
-- Chỉ mục cho bảng `trangthaidonhang`
--
ALTER TABLE `trangthaidonhang`
  ADD PRIMARY KEY (`id_trangthai`);

--
-- Chỉ mục cho bảng `trangthaitaikhoan`
--
ALTER TABLE `trangthaitaikhoan`
  ADD PRIMARY KEY (`id_trangthaitk`);

--
-- Chỉ mục cho bảng `trochuyen`
--
ALTER TABLE `trochuyen`
  ADD PRIMARY KEY (`id_chat`),
  ADD KEY `id_nguoigui` (`id_nguoigui`),
  ADD KEY `id_nguoinhan` (`id_nguoinhan`);

--
-- AUTO_INCREMENT cho các bảng đã đổ
--

--
-- AUTO_INCREMENT cho bảng `binhluan`
--
ALTER TABLE `binhluan`
  MODIFY `ID` int(11) NOT NULL AUTO_INCREMENT, AUTO_INCREMENT=54;

--
-- AUTO_INCREMENT cho bảng `danhgia`
--
ALTER TABLE `danhgia`
  MODIFY `id_danhgia` int(11) NOT NULL AUTO_INCREMENT, AUTO_INCREMENT=12;

--
-- AUTO_INCREMENT cho bảng `hoadonbanhang`
--
ALTER TABLE `hoadonbanhang`
  MODIFY `ID` int(11) NOT NULL AUTO_INCREMENT, AUTO_INCREMENT=397;

--
-- AUTO_INCREMENT cho bảng `hoadonnhaphang`
--
ALTER TABLE `hoadonnhaphang`
  MODIFY `id_nhaphang` int(11) NOT NULL AUTO_INCREMENT, AUTO_INCREMENT=42;

--
-- AUTO_INCREMENT cho bảng `khuyenmai`
--
ALTER TABLE `khuyenmai`
  MODIFY `id` int(11) NOT NULL AUTO_INCREMENT, AUTO_INCREMENT=63;

--
-- AUTO_INCREMENT cho bảng `loaisanpham`
--
ALTER TABLE `loaisanpham`
  MODIFY `id` int(11) NOT NULL AUTO_INCREMENT, AUTO_INCREMENT=163;

--
-- AUTO_INCREMENT cho bảng `nguoidung`
--
ALTER TABLE `nguoidung`
  MODIFY `id_nguoidung` bigint(20) UNSIGNED NOT NULL AUTO_INCREMENT COMMENT 'ID', AUTO_INCREMENT=65;

--
-- AUTO_INCREMENT cho bảng `noisanxuat`
--
ALTER TABLE `noisanxuat`
  MODIFY `id` int(11) NOT NULL AUTO_INCREMENT, AUTO_INCREMENT=12;

--
-- AUTO_INCREMENT cho bảng `quyen`
--
ALTER TABLE `quyen`
  MODIFY `ID_quyen` int(11) NOT NULL AUTO_INCREMENT, AUTO_INCREMENT=5;

--
-- AUTO_INCREMENT cho bảng `sanpham`
--
ALTER TABLE `sanpham`
  MODIFY `id` int(11) NOT NULL AUTO_INCREMENT, AUTO_INCREMENT=150;

--
-- AUTO_INCREMENT cho bảng `thongtincanhan`
--
ALTER TABLE `thongtincanhan`
  MODIFY `id` bigint(20) UNSIGNED NOT NULL AUTO_INCREMENT, AUTO_INCREMENT=56;

--
-- AUTO_INCREMENT cho bảng `tintuc`
--
ALTER TABLE `tintuc`
  MODIFY `id` int(10) UNSIGNED NOT NULL AUTO_INCREMENT, AUTO_INCREMENT=54;

--
-- AUTO_INCREMENT cho bảng `trahang`
--
ALTER TABLE `trahang`
  MODIFY `id_trahang` int(11) NOT NULL AUTO_INCREMENT, AUTO_INCREMENT=7;

--
-- AUTO_INCREMENT cho bảng `trangthaidonhang`
--
ALTER TABLE `trangthaidonhang`
  MODIFY `id_trangthai` int(11) NOT NULL AUTO_INCREMENT, AUTO_INCREMENT=7;

--
-- AUTO_INCREMENT cho bảng `trangthaitaikhoan`
--
ALTER TABLE `trangthaitaikhoan`
  MODIFY `id_trangthaitk` int(11) NOT NULL AUTO_INCREMENT, AUTO_INCREMENT=4;

--
-- AUTO_INCREMENT cho bảng `trochuyen`
--
ALTER TABLE `trochuyen`
  MODIFY `id_chat` int(11) NOT NULL AUTO_INCREMENT, AUTO_INCREMENT=118;

--
-- Các ràng buộc cho các bảng đã đổ
--

--
-- Các ràng buộc cho bảng `binhluan`
--
ALTER TABLE `binhluan`
  ADD CONSTRAINT `binhluan_ibfk_1` FOREIGN KEY (`id_sanpham`) REFERENCES `sanpham` (`id`),
  ADD CONSTRAINT `binhluan_ibfk_2` FOREIGN KEY (`id_nguoidung`) REFERENCES `nguoidung` (`id_nguoidung`);

--
-- Các ràng buộc cho bảng `danhgia`
--
ALTER TABLE `danhgia`
  ADD CONSTRAINT `danhgia_ibfk_1` FOREIGN KEY (`id_sanpham`) REFERENCES `sanpham` (`id`);

--
-- Các ràng buộc cho bảng `hoadonbanhang`
--
ALTER TABLE `hoadonbanhang`
  ADD CONSTRAINT `hoadonbanhang_ibfk_2` FOREIGN KEY (`id_sanpham`) REFERENCES `sanpham` (`id`),
  ADD CONSTRAINT `hoadonbanhang_ibfk_3` FOREIGN KEY (`id_nguoidung`) REFERENCES `nguoidung` (`id_nguoidung`),
  ADD CONSTRAINT `hoadonbanhang_ibfk_4` FOREIGN KEY (`id_trangthai`) REFERENCES `trangthaidonhang` (`id_trangthai`),
  ADD CONSTRAINT `hoadonbanhang_ibfk_5` FOREIGN KEY (`id_cuahang`) REFERENCES `nguoidung` (`id_nguoidung`);

--
-- Các ràng buộc cho bảng `hoadonnhaphang`
--
ALTER TABLE `hoadonnhaphang`
  ADD CONSTRAINT `hoadonnhaphang_ibfk_1` FOREIGN KEY (`id_sanpham`) REFERENCES `sanpham` (`id`);

--
-- Các ràng buộc cho bảng `khuyenmai`
--
ALTER TABLE `khuyenmai`
  ADD CONSTRAINT `khuyenmai_ibfk_1` FOREIGN KEY (`id_sanpham`) REFERENCES `sanpham` (`id`);

--
-- Các ràng buộc cho bảng `nguoidung`
--
ALTER TABLE `nguoidung`
  ADD CONSTRAINT `nguoidung_ibfk_1` FOREIGN KEY (`ID_quyen`) REFERENCES `quyen` (`ID_quyen`),
  ADD CONSTRAINT `nguoidung_ibfk_2` FOREIGN KEY (`id_loaihang`) REFERENCES `loaisanpham` (`id`),
  ADD CONSTRAINT `nguoidung_ibfk_3` FOREIGN KEY (`TrangthaiTK`) REFERENCES `trangthaitaikhoan` (`id_trangthaitk`);

--
-- Các ràng buộc cho bảng `sanpham`
--
ALTER TABLE `sanpham`
  ADD CONSTRAINT `id_nsx` FOREIGN KEY (`id_nsx`) REFERENCES `noisanxuat` (`id`),
  ADD CONSTRAINT `sanpham_ibfk_1` FOREIGN KEY (`id_cuahang`) REFERENCES `nguoidung` (`id_nguoidung`);

--
-- Các ràng buộc cho bảng `thongtincanhan`
--
ALTER TABLE `thongtincanhan`
  ADD CONSTRAINT `thongtincanhan_ibfk_1` FOREIGN KEY (`user_id`) REFERENCES `nguoidung` (`id_nguoidung`);

--
-- Các ràng buộc cho bảng `trahang`
--
ALTER TABLE `trahang`
  ADD CONSTRAINT `trahang_ibfk_1` FOREIGN KEY (`id_hoadon`) REFERENCES `hoadonbanhang` (`ID`);

--
-- Các ràng buộc cho bảng `trochuyen`
--
ALTER TABLE `trochuyen`
  ADD CONSTRAINT `trochuyen_ibfk_1` FOREIGN KEY (`id_nguoigui`) REFERENCES `nguoidung` (`id_nguoidung`),
  ADD CONSTRAINT `trochuyen_ibfk_2` FOREIGN KEY (`id_nguoinhan`) REFERENCES `nguoidung` (`id_nguoidung`);
COMMIT;

/*!40101 SET CHARACTER_SET_CLIENT=@OLD_CHARACTER_SET_CLIENT */;
/*!40101 SET CHARACTER_SET_RESULTS=@OLD_CHARACTER_SET_RESULTS */;
/*!40101 SET COLLATION_CONNECTION=@OLD_COLLATION_CONNECTION */;
